id,date,species,sex,wing,mass
p8A69m8iF8-q59c3UT,2012-05-19,Northern Cardinal,F,86,40.6
qI8K769FjC-i9lez3G,2012-05-10,Carolina Wren,M,59,20.7
iAxbX3oyf4-d4f7sbF,2012-05-18,Gray Catbird,F,86,43.7
xP6s2S3Xn7-i9lez3G,2012-05-10,Song Sparrow,M,70,22
w2w62bg4fQ-d4f7sbF,2012-05-18,Northern Cardinal,M,93,42.1
jCL8VUTgA1-q59c3UT,2012-05-19,Carolina Wren,F,63,21.3
gjoi4gs2Nz-q59c3UT,2012-05-19,Gray Catbird,M,89,36.1
fF9t2MdBwf-d4f7sbF,2012-05-18,Gray Catbird,M,87,35.2
ijebJ7123B-i9lez3G,2012-05-10,Carolina Chickadee,M,63,9.6
hvX8e1Z4du-caNFc4J,2012-06-06,Northern Cardinal,M,93,42.3
p9b53tpjdG-i9lez3G,2012-05-10,Song Sparrow,M,67,19.4
eb5rEL9T44-uO7ehia,2012-05-04,Song Sparrow,M,64,20.6
u646Zhd2fH-i9lez3G,2012-05-10,Gray Catbird,F,89,43.3
jxB82gctd6-d4f7sbF,2012-05-18,Song Sparrow,F,63,21.4
u55Y08GS48-q59c3UT,2012-05-19,Carolina Chickadee,F,59,8.9
uv03c7xHtD-i9lez3G,2012-05-10,American Robin,F,129,76.8
jH7dOs4Ma8-i9lez3G,2012-05-10,Gray Catbird,M,91,37.7
qNyDaSAf4M-d4f7sbF,2012-05-18,Carolina Chickadee,M,62,10.1
n5QJYobFf0-uO7ehia,2012-05-04,Song Sparrow,M,70,22.4
z20Hz29GQe-d4f7sbF,2012-05-18,Northern Cardinal,F,89,41.1
s5fIo4c765-q59c3UT,2012-05-19,Northern Cardinal,M,86,42.1
bY8xX0tNS5-uO7ehia,2012-05-04,Gray Catbird,M,91,38.8
k6v9yJG715-f8dFvo9,2012-05-31,Carolina Chickadee,M,63,9.1
b1Gf63rWSz-e1hj0u7,2012-05-23,Carolina Chickadee,M,61,10.4
iO98S8PG5J-x3H5659,2012-06-04,Carolina Chickadee,F,58,9.3
s02Kj5Q482-jO2H949,2012-06-02,American Robin,F,121,75.1
da21oG4216-lzP6J5R,2012-05-29,Carolina Chickadee,M,65,9.6
mnmQ10XhIO-eMg9rW8,2012-05-31,Gray Catbird,M,84,34.5
tUaGcsWr68-lq7CbHD,2012-06-07,Song Sparrow,F,61,20.1
i8R23KzShu-x3H5659,2012-06-04,House Wren,F,48,11.6
eN5By8u92Q-caNFc4J,2012-06-06,Carolina Wren,F,61,18.3
t8kIQ4z9Fo-o6qJ98m,2012-05-30,American Robin,M,126,77.4
jWY0db2Kf3-jO2H949,2012-06-02,Gray Catbird,F,87,36
n7wf860b44-r2hxZlE,2012-05-19,Carolina Chickadee,F,55,9.1
a509023pot-x3H5659,2012-06-04,Carolina Wren,M,59,19.9
xc52pMK4Qx-o6qJ98m,2012-05-30,House Wren,M,50,10.1
e7284Qps70-jO2H949,2012-06-02,Gray Catbird,F,86,36.7
tkZjM214oi-w013D9g,2012-05-26,Gray Catbird,M,84,33.4
j03M5bE1v2-lq7CbHD,2012-06-07,Gray Catbird,F,84,39.7
zG12I9O5z4-lq7CbHD,2012-06-07,Gray Catbird,M,90,33.2
cZVOt2NiCq-f8dFvo9,2012-05-31,House Wren,F,47,11
nAy45fT7Ni-w013D9g,2012-05-26,Carolina Chickadee,F,59,9.3
vikm6Lwn2G-o6qJ98m,2012-05-30,Northern Cardinal,M,93,44.6
u88k1TV399-caNFc4J,2012-06-06,American Robin,F,124,79.8
p5ht1ynSk3-o6qJ98m,2012-05-30,Carolina Chickadee,M,61,9.9
y43dx294j6-lq7CbHD,2012-06-07,Song Sparrow,M,68,20
gLT5310Y4X-f8dFvo9,2012-05-31,Carolina Chickadee,F,59,8.4
xA8USgE301-e1hj0u7,2012-05-23,Carolina Chickadee,F,60,10.1
mKZj107F7c-lq7CbHD,2012-06-07,Gray Catbird,M,92,35.1
xSpCB3v51G-w013D9g,2012-05-26,Gray Catbird,F,86,41.1
zQy53SH2xP-r2hxZlE,2012-05-19,Carolina Wren,M,62,22.2
iz2hL8Wat1-nr2F389,2012-06-09,Carolina Chickadee,M,64,10
hX61TkHoLb-w013D9g,2012-05-26,Carolina Chickadee,M,62,9.9
x26auCX6P5-z08Mt3T,2012-06-08,Gray Catbird,F,85,36.6
rhU3x8aIdE-x3H5659,2012-06-04,House Wren,M,49,10
pj86Lp34g8-lq7CbHD,2012-06-07,Northern Cardinal,F,87,38.3
hJ5y2l94cN-o6qJ98m,2012-05-30,House Wren,M,51,10.6
kYuTaekLqv-z08Mt3T,2012-06-08,American Robin,F,125,79.2
qL5y3l87H8-caNFc4J,2012-06-06,Northern Cardinal,F,93,43.1
n19K0M295V-ex0N69i,2012-06-16,Gray Catbird,M,88,35.1
n6DTcwf70X-q59c3UT,2012-05-19,Carolina Chickadee,M,62,9.2
niN9tOu6F8-z08Mt3T,2012-06-08,American Robin,F,123,81.1
z49sK2JPha-x3H5659,2012-06-04,Northern Cardinal,M,98,46
qi36Zc7jq2-x3H5659,2012-06-04,Carolina Chickadee,M,59,10.6
hgmvYZP18c-z08Mt3T,2012-06-08,American Robin,M,125,71.3
oYW00l2Jzi-z08Mt3T,2012-06-08,Song Sparrow,M,66,22.2
i20q8gCA0w-z08Mt3T,2012-06-08,Gray Catbird,M,86,34.8
v4Y284jK9d-lzP6J5R,2012-05-29,Northern Cardinal,F,90,38.6
y62DMtG8pI-z08Mt3T,2012-06-08,Song Sparrow,M,65,18.2
b7j1833Ctw-z08Mt3T,2012-06-08,Song Sparrow,M,66,21.7
iUJ6Ss10qn-x3H5659,2012-06-04,Northern Cardinal,F,90,39.9
zbK47IF0h6-nr2F389,2012-06-09,Northern Cardinal,F,91,50.9
uS5jhT4W4R-e1hj0u7,2012-05-23,Northern Cardinal,F,92,40.8
oQCPn19j6L-x3H5659,2012-06-04,Northern Cardinal,M,97,43.1
sZ7m2GLl4t-lq7CbHD,2012-06-07,Carolina Wren,F,57,19.6
j11t3R65e2-w013D9g,2012-05-26,American Robin,M,130,68.3
s27gG2d87s-lq7CbHD,2012-06-07,Carolina Chickadee,M,63,11.1
t77243hEVP-r2hxZlE,2012-05-19,Carolina Chickadee,M,62,10.5
rLltX5V9r1-k0W22Jp,2012-06-11,Carolina Chickadee,F,60,9.7
uO4f7DCql8-k0W22Jp,2012-06-11,Carolina Chickadee,F,56,9
u96VapL51A-ex0N69i,2012-06-16,Gray Catbird,F,91,36.3
dq1RCQx5Td-ex0N69i,2012-06-16,Song Sparrow,M,68,21.2
rO8ZLd7f8U-k0W22Jp,2012-06-11,Carolina Wren,F,60,20.2
i2dS3lVvW5-s5Q2l83,2012-06-28,Gray Catbird,M,90,35.2
xKA0Q9kgPO-bceZ7i6,2012-07-03,Gray Catbird,M,90,32.8
fKy07doN6I-k0W22Jp,2012-06-11,Carolina Wren,F,57,22
e3uvg0nFqT-ex0N69i,2012-06-16,American Robin,M,130,71.2
n4X2UxQD5P-ex0N69i,2012-06-16,Gray Catbird,F,88,36.7
rPf3z5m61O-k0W22Jp,2012-06-11,Carolina Chickadee,F,58,8.9
d6sYfFeK20-ex0N69i,2012-06-16,Song Sparrow,F,62,20
t7OBv1MCz6-ex0N69i,2012-06-16,Gray Catbird,M,87,31.7
tVhQ7X5c9x-bceZ7i6,2012-07-03,Northern Cardinal,M,94,43.4
w2Yk9iGf88-iqPHser,2012-06-18,House Wren,M,50,10.1
gOf0S7mtNn-lxpmFaU,2012-07-06,Gray Catbird,M,93,37.2
k6y64OiL0q-s5Q2l83,2012-06-28,House Wren,M,50,10.7
y3tLX0o2Ni-iqPHser,2012-06-18,Carolina Wren,M,61,20
g4ohGlcyBt-s5Q2l83,2012-06-28,Carolina Wren,F,55,19.1
l6g58bw7z0-r1FY2T4,2012-06-29,Northern Cardinal,M,92,41.9
d5WelOh2jY-r1FY2T4,2012-06-29,American Robin,M,128,81.6
pmV8zUn2tE-bceZ7i6,2012-07-03,Gray Catbird,F,85,38.8
h2rbC134Na-lxpmFaU,2012-07-06,Gray Catbird,F,86,31.6
w10i8T890G-oM5OZo6,2012-06-26,House Wren,M,48,10.4
j7j403nR11-oM5OZo6,2012-06-26,Carolina Wren,M,59,19.7
vzh90JqVls-bceZ7i6,2012-07-03,Carolina Wren,F,60,21.1
c46a378PfL-iqPHser,2012-06-18,Carolina Chickadee,F,62,10.5
deR5bWHEJD-s5Q2l83,2012-06-28,House Wren,M,49,10.2
zz3mRO85BJ-oM5OZo6,2012-06-26,Song Sparrow,M,65,19.2
iCPEjtKOwx-s5Q2l83,2012-06-28,Gray Catbird,F,90,36.6
hbcV657ky3-s5Q2l83,2012-06-28,Northern Cardinal,F,86,41.3
kv3X0DIqAo-r1FY2T4,2012-06-29,Carolina Wren,M,58,18.2
z86r2853aF-iqPHser,2012-06-18,House Wren,M,53,10.4
k3Jmvb6MKU-s5Q2l83,2012-06-28,Carolina Chickadee,M,60.5,9.5
w9sF58Uuv0-s5Q2l83,2012-06-28,Carolina Wren,M,59,20.4
fqnvB9259a-b5LC2WX,2012-07-11,Gray Catbird,M,86,35.5
mhoC9V0AU3-r1FY2T4,2012-06-29,Northern Cardinal,F,90,44.4
dJCAR9lDW0-hL90Tmt,2012-07-13,House Wren,M,52,10.7
pdf0cBgHA3-b5LC2WX,2012-07-11,Northern Cardinal,M,94,41.4
txCm751Ve6-lC8w6co,2012-07-12,Song Sparrow,F,61,20.7
a3KVD5J7qv-lC8w6co,2012-07-12,Song Sparrow,F,62,19.9
tA0xp827M7-b5LC2WX,2012-07-11,Northern Cardinal,M,92,40.6
q2yFLr74t2-lC8w6co,2012-07-12,Carolina Wren,M,59,19.4
l776PQT54O-b5LC2WX,2012-07-11,Carolina Wren,M,58,20.7
gny4TvL94K-b5LC2WX,2012-07-11,Northern Cardinal,M,92,41.9
sZ4Ou6d235-b5LC2WX,2012-07-11,Song Sparrow,M,67,22.8
c27TCvz04w-b5LC2WX,2012-07-11,Gray Catbird,M,83,32.5
wpdfvx4mAh-b5LC2WX,2012-07-11,Northern Cardinal,F,85,39
gBC987O6b0-jj6Xy84,2012-07-10,House Wren,M,49.5,10.6
eOiRE1kHV5-hL90Tmt,2012-07-13,House Wren,M,50,10.5
awsu7SR1X8-lC8w6co,2012-07-12,Northern Cardinal,F,90,47.4
yx8D6Ja9Vv-hL90Tmt,2012-07-13,Song Sparrow,M,63,21.2
l9er8iR103-jj6Xy84,2012-07-10,Northern Cardinal,M,93,44.5
gi4l0n42zs-hL90Tmt,2012-07-13,Northern Cardinal,F,92,41.4
ouO281gk0I-g45S5lB,2012-07-19,Gray Catbird,F,93,32.5
vQ5B197Dng-g45S5lB,2012-07-19,Song Sparrow,M,68,22.6
uQjO6ZU4gv-g45S5lB,2012-07-19,Carolina Wren,F,62,21.2
nUqO1E9Tpi-cl90ge6,2012-07-25,Song Sparrow,M,65.5,21.3
b1IeZ90nhA-cl90ge6,2012-07-25,Song Sparrow,F,62,21.4
a5503oP0R9-g45S5lB,2012-07-19,Carolina Chickadee,F,61,8.9
qU3YAb3Lza-cl90ge6,2012-07-25,House Wren,F,49,10.2
mG8O6QAtH4-uz712c0,2012-07-21,Song Sparrow,M,66,20.1
eRxt518221-cl90ge6,2012-07-25,House Wren,M,49,10.1
s18FQ5DBwU-bXPbz9A,2012-07-28,Northern Cardinal,F,90,43.9
o40sO2e2h6-bXPbz9A,2012-07-28,Carolina Wren,M,61,20.8
w52wZ84F0O-n9c7sqA,2012-07-29,Gray Catbird,M,92,39.7
y4D6Uut01i-n9c7sqA,2012-07-29,Northern Cardinal,M,94,40.9
kHt3n11h2j-n9c7sqA,2012-07-29,House Wren,F,49,10.6
m566q29saL-n9c7sqA,2012-07-29,Carolina Wren,F,59,20.6
ltEUu1d6W2-bXPbz9A,2012-07-28,Song Sparrow,M,63,18
i03Kx5bE8n-bXPbz9A,2012-07-28,Northern Cardinal,F,85,34.1
c3QK3q42XL-bXPbz9A,2012-07-28,Northern Cardinal,M,95,43.2
s8cyksY7tZ-bXPbz9A,2012-07-28,House Wren,M,51,10.3
xe2dUz6F06-n9c7sqA,2012-07-29,Gray Catbird,F,92,34.3
r1D3J3rm1l-n9c7sqA,2012-07-29,Gray Catbird,M,91,34.5
e8Pm4X1261-n9c7sqA,2012-07-29,Carolina Wren,F,55,16.8
ttlai25dqy-bXPbz9A,2012-07-28,Carolina Wren,F,56,18.7
cwCui9X6pL-zP49s3t,2013-05-28,Northern Cardinal,F,89,47.1
k411OMGWw3-szQ5rJm,2013-05-29,House Wren,M,48,11
pkbZEn803R-szQ5rJm,2013-05-29,Carolina Wren,F,63,20.9
gE6r7fwYPa-zP49s3t,2013-05-28,Carolina Chickadee,F,57,9.1
sv5ps42Swx-szQ5rJm,2013-05-29,Northern Cardinal,M,95,38.6
eD39YMsoBO-zP49s3t,2013-05-28,Carolina Wren,F,53,9.4
ox2nE2tMe0-zP49s3t,2013-05-28,Northern Cardinal,M,95,38.6
cHJ2PL04O3-pNnm5w6,2013-06-05,American Robin,M,132,79.4
r49035Ir9G-nuF1T31,2013-06-08,House Wren,M,50,11
e3PL9Dm5rN-nuF1T31,2013-06-08,Song Sparrow,M,69,22.2
r6mOyqKY01-nuF1T31,2013-06-08,Gray Catbird,M,87,34.6
a72Atd0aQp-nuF1T31,2013-06-08,Gray Catbird,M,90,35.3
qD1p52K7A0-nuF1T31,2013-06-08,Northern Cardinal,M,96,44.6
diT3w3OZu2-nuF1T31,2013-06-08,House Wren,F,51,15.2
rYm93T69vD-h9W6dn0,2013-06-14,Carolina Wren,M,60,22.8
nh50kB382N-nuF1T31,2013-06-08,Northern Cardinal,F,90,39.5
fxE73pfA3z-aAhM72G,2013-06-20,Northern Cardinal,M,98,44.5
u809dbJ8UV-aAhM72G,2013-06-20,Song Sparrow,M,64,22
fM4I5d9WBp-nuF1T31,2013-06-08,Carolina Chickadee,F,60,9.4
vCW25v6ie7-h9W6dn0,2013-06-14,Northern Cardinal,F,90.5,45.2
iC215o8yN3-m695mV1,2013-06-16,American Robin,M,131,77.5
bxK74Bp3bn-h9W6dn0,2013-06-14,Northern Cardinal,M,95,43
q8P8D63209-n16sWTo,2013-06-15,American Robin,M,124,82.1
tP9Yp9rBiL-h9W6dn0,2013-06-14,Northern Cardinal,M,99,45.1
hOjRy65WTB-tT5g9s4,2013-06-25,House Wren,M,51.5,11.2
bRt0w1TUs4-aAhM72G,2013-06-20,Carolina Wren,M,60,19.7
sN07AYw596-h9W6dn0,2013-06-14,Northern Cardinal,F,87.5,44.8
l43433d87v-aAhM72G,2013-06-20,Northern Cardinal,M,94,43.1
u79nCD23lN-aAhM72G,2013-06-20,Northern Cardinal,M,97,44.1
pP0dBoFk5X-aAhM72G,2013-06-20,Northern Cardinal,M,92,43.7
rGl295e3yw-coH4eSw,2013-06-24,House Wren,F,47.5,9.7
pDt57Kp6B9-bb8SLD7,2013-06-27,Northern Cardinal,F,89,45
rg7s5k4OGU-vFRQCvD,2013-06-27,House Wren,F,49,12.3
n40Csh76Fk-zU16eX5,2013-06-25,American Robin,F,119,78.6
xj3gxN4QSp-vFRQCvD,2013-06-27,Gray Catbird,M,90,39.3
p9ey2d8KRi-tT5g9s4,2013-06-25,Carolina Chickadee,M,61,11.1
qs488kxA96-bb8SLD7,2013-06-27,Carolina Wren,F,57,21.6
w6Jb2Tv1X0-lbGCg59,2013-06-22,Song Sparrow,M,64,21
lrymzZ4jo8-vFRQCvD,2013-06-27,American Robin,M,133,78.1
ec8R7ar1o8-vFRQCvD,2013-06-27,House Wren,M,51,10.5
l04ei5yDT4-g355Q4A,2013-07-01,Northern Cardinal,F,91,41.2
lP0OlyW75V-bb8SLD7,2013-06-27,Carolina Wren,M,55.5,20.4
o59ZVQ90SU-i3cKq4h,2013-07-02,House Wren,F,50,13.2
k839lnzs48-i3cKq4h,2013-07-02,House Wren,M,52,10.7
v19N7Vly27-i3cKq4h,2013-07-02,Song Sparrow,M,66,21.9
iO589lj42Y-j98dF5P,2013-06-29,House Wren,M,51,10.5
zm6JBsA40n-bb8SLD7,2013-06-27,Carolina Chickadee,F,57,9.8
r8U08r2Wn4-g355Q4A,2013-07-01,American Robin,F,123,74.5
qOKbMaF6cR-j98dF5P,2013-06-29,Gray Catbird,M,86,32.9
j5bY7426is-j98dF5P,2013-06-29,Northern Cardinal,F,92,41.1
uk0Zy37YUM-i3cKq4h,2013-07-02,Song Sparrow,F,62,20.9
jZJK7AOvC3-i3cKq4h,2013-07-02,American Robin,F,125,81.2
i0C2Hxu3Zc-coH4eSw,2013-06-24,Carolina Chickadee,F,63,10.1
t1o3sWYHqx-j98dF5P,2013-06-29,Carolina Wren,F,59,18.7
oCWE272tLu-g355Q4A,2013-07-01,Gray Catbird,M,88,36.2
c43FZ396yR-coH4eSw,2013-06-24,Carolina Wren,F,56.5,18.3
b5m94XUSO2-zU16eX5,2013-06-25,Song Sparrow,F,62,22.1
tGXn4125A2-g355Q4A,2013-07-01,House Wren,M,53,10.1
yjVJExIYX3-j98dF5P,2013-06-29,Song Sparrow,F,63,20.1
yxIV5X7u68-i8nfH74,2013-06-29,Song Sparrow,M,64,22.1
ueOKq1jkiZ-llb73O6,2013-07-08,Gray Catbird,F,86,35
wp8FjVKM5R-llb73O6,2013-07-08,Northern Cardinal,M,92,41.9
o470Y53tZq-llb73O6,2013-07-08,House Wren,F,48,10.3
f4LnhEca5S-tmQ76eD,2013-07-06,Song Sparrow,M,69,20.4
a7l1165BOJ-tmQ76eD,2013-07-06,Carolina Chickadee,F,60,9.6
ve02TtK4Ez-llb73O6,2013-07-08,Gray Catbird,M,89,36
jPo8GLQ64J-llb73O6,2013-07-08,Carolina Wren,F,62,21.1
e6aTuhlqjy-llb73O6,2013-07-08,Carolina Wren,F,65,18
kb451ih0CP-r6ckZr1,2013-07-09,House Wren,M,49,9.9
kP0os4kw3O-tmQ76eD,2013-07-06,Northern Cardinal,F,88,39
vl5pm0htyV-r6ckZr1,2013-07-09,Carolina Wren,F,57,16.7
zT09S09Z0m-llb73O6,2013-07-08,Carolina Wren,F,58,19.8
y8vkM2JECR-r6ckZr1,2013-07-09,House Wren,F,49,12.6
e7k0C3F2h6-sr18UT6,2013-07-20,American Robin,M,122,72.1
rGbTNunW5I-b66WkcM,2013-07-13,American Robin,M,123,72.4
wBjC5WSR8i-d1UYa5B,2013-07-16,Carolina Wren,F,57,19.3
zLdy1x79Zv-aWL3k7N,2013-07-10,Northern Cardinal,M,90,42.3
uN0mws1KP0-n7U3RTO,2013-07-19,American Robin,F,120,65.3
tAutnwJprz-x323ozf,2013-07-11,Northern Cardinal,F,92,43.6
wty76eLko1-sr18UT6,2013-07-20,Gray Catbird,M,90,35.1
jncil7643C-n7U3RTO,2013-07-19,Carolina Chickadee,F,60.1,10.1
dMx98SZ6Vc-d1UYa5B,2013-07-16,House Wren,F,51,12.8
v23X311qiw-kx976u3,2013-07-14,Carolina Wren,F,60,19.4
b5c23IV7qx-sr18UT6,2013-07-20,American Robin,M,129,76.6
k0Y5NJVj7F-r6ckZr1,2013-07-09,Song Sparrow,F,68,23
dx5YGwfQpr-aWL3k7N,2013-07-10,Northern Cardinal,F,94,38.2
dYRNIEmAGu-mt36hiT,2013-07-31,Northern Cardinal,F,93,46.4
a0o346p2rF-aWL3k7N,2013-07-10,Northern Cardinal,F,85,38.6
y500RwW94n-sr18UT6,2013-07-20,Gray Catbird,F,84,36.4
opIfd2553r-aWL3k7N,2013-07-10,Gray Catbird,M,88,35.4
s184RD9UFt-n7U3RTO,2013-07-19,Carolina Chickadee,F,57,10.6
hK46H59S75-e1C6LWm,2013-07-10,Gray Catbird,M,93,34.3
y212Z973wU-aWL3k7N,2013-07-10,Northern Cardinal,M,90.5,46
bmEfW1Nxc8-x323ozf,2013-07-11,Northern Cardinal,F,97,47.7
rL9Kv79NdG-b66WkcM,2013-07-13,American Robin,F,120,85.4
riVxwGtT1u-uFW41H3,2013-07-23,Song Sparrow,M,67,20.3
g2VkNtEUI0-r3ZPtQu,2013-07-26,Carolina Wren,M,63,17.1
g02M08w798-pDW0ECN,2013-07-29,Northern Cardinal,M,94,44.1
m4Azv3fw70-rN34Q8D,2013-07-31,Northern Cardinal,F,89,43
r3620rXkwN-rc725P7,2013-08-02,Carolina Chickadee,F,57.5,10.2
o9LcwGexCM-uFW41H3,2013-07-23,Gray Catbird,M,90,32.8
aS4RX37I1q-wqPL2z7,2013-08-07,Gray Catbird,F,87,33.7
u4s8vNMl99-r3ZPtQu,2013-07-26,Northern Cardinal,M,94,42.3
aK398G7o6T-r3ZPtQu,2013-07-26,Northern Cardinal,F,88,40
q3r57e5UGE-pDW0ECN,2013-07-29,Song Sparrow,M,65,20.3
ex4VCaK0tf-uFW41H3,2013-07-23,Gray Catbird,F,90,33.2
z4m9U7dQ80-pDW0ECN,2013-07-29,Gray Catbird,M,87,37.8
e5b1PE3oUr-pDW0ECN,2013-07-29,Northern Cardinal,F,91,43.8
y515yrP04m-uFW41H3,2013-07-23,Northern Cardinal,M,92,43.3
cCh6TQ4K7R-rc725P7,2013-08-02,Song Sparrow,M,66.5,21.2
w7vA3BV2fy-laG0Jtk,2016-04-15,American Robin,M,124,76.6
v8jJH1b29X-lm930Ko,2016-05-16,Carolina Chickadee,F,57,9.1
i4yvTI6XZN-laG0Jtk,2016-04-15,Carolina Wren,M,62,22.1
iYA4jva57J-pDfM44p,2016-04-28,American Robin,M,126,78
m8HT4Bq14N-iqR6QU7,2016-05-17,Northern Cardinal,F,92,45
dB05XT9kDm-lm930Ko,2016-05-16,House Wren,M,54,10.9
byDNoSlt0L-iqR6QU7,2016-05-17,Northern Cardinal,F,87,34.7
jp29YD5634-iqR6QU7,2016-05-17,Northern Cardinal,F,88,40.2
ypxhY4wuSb-iqR6QU7,2016-05-17,Song Sparrow,M,63,21.3
gduaSyR2Nt-iqR6QU7,2016-05-17,Northern Cardinal,M,92,43.5
vRE816xiw0-iqR6QU7,2016-05-17,Northern Cardinal,F,88,35.4
jf8EkQz2ne-g28X5SA,2016-05-16,Northern Cardinal,M,95,44.8
u4181zr60V-g28X5SA,2016-05-16,Carolina Chickadee,M,62,9.9
wge8TbLHci-iqR6QU7,2016-05-17,Northern Cardinal,M,94,41.7
fzZ1o3X8p6-iqR6QU7,2016-05-17,American Robin,F,122,73.4
k840r7iV61-iqR6QU7,2016-05-17,Northern Cardinal,M,94,40.2
lqGmIlTQKX-bs34v21,2016-05-31,American Robin,M,130,72
mUx5XW28b7-gePB0cl,2016-05-31,House Wren,M,50,11
daCx37659f-gePB0cl,2016-05-31,House Wren,M,50,11
mk4l30P5HU-vQ3ls2J,2016-05-28,Northern Cardinal,M,90,42.5
cA6KOIw059-dQi5L3v,2016-06-03,Northern Cardinal,M,92,46.1
eFtw86hnNY-dQi5L3v,2016-06-03,Northern Cardinal,M,95,42
r3Wupes26r-gePB0cl,2016-05-31,House Wren,F,50,12.2
s960L18NZY-bs34v21,2016-05-31,Northern Cardinal,M,89,58.9
o2b4h002JE-vQ3ls2J,2016-05-28,Carolina Chickadee,F,59,9.7
qsOIu3075W-gePB0cl,2016-05-31,House Wren,M,51,11
uX9kM6fE74-gePB0cl,2016-05-31,Carolina Chickadee,F,59,8.8
yRTgB5JhKU-vQ3ls2J,2016-05-28,House Wren,M,52,11.6
eJhjCt57xA-bs34v21,2016-05-31,Song Sparrow,F,65,26.1
m4K7q3D5y4-dQi5L3v,2016-06-03,Northern Cardinal,F,91,45.2
t2sGNeEPnO-dQi5L3v,2016-06-03,Northern Cardinal,F,95,43.2
onQUm3Neub-dQi5L3v,2016-06-03,Northern Cardinal,M,93,39.4
km6cFN04Ha-vQ3ls2J,2016-05-28,Carolina Chickadee,M,65,10.5
z1F5GzUl3R-dQi5L3v,2016-06-03,Northern Cardinal,F,86,43.5
yP5i7W4v8p-vQ3ls2J,2016-05-28,Northern Cardinal,F,92,43.2
b96964Ztvu-bs34v21,2016-05-31,American Robin,F,130,80
j62Hx4kBai-dQi5L3v,2016-06-03,Carolina Chickadee,F,59,9.9
j46uE0P54z-bs34v21,2016-05-31,Song Sparrow,M,65,20
aivSRr32pd-bs34v21,2016-05-31,Northern Cardinal,F,89,41.7
meRTOWYzCK-vQ3ls2J,2016-05-28,Northern Cardinal,F,89,42.3
x5LsaTJnf9-vQ3ls2J,2016-05-28,House Wren,M,53,11.2
nDrM74t8g4-wi4s6wg,2016-06-04,House Wren,M,51,10.9
fPFJnv8O2j-wi4s6wg,2016-06-04,American Robin,M,125,76.5
bzhEdDNgCX-dQi5L3v,2016-06-03,Carolina Chickadee,F,62,10.5
ld2059fU89-dQi5L3v,2016-06-03,Northern Cardinal,M,92,40.2
xIDX9031P3-vQ3ls2J,2016-05-28,House Wren,F,47,11.6
d9b8UYDkf4-wi4s6wg,2016-06-04,Song Sparrow,M,65,19.2
zAtuGI8zlh-wi4s6wg,2016-06-04,Carolina Wren,M,60.5,21.7
vopqu91Zc2-wi4s6wg,2016-06-04,Gray Catbird,M,90,34.3
q6C1i589f6-w64W3op,2016-06-14,Carolina Wren,F,50.5,20.5
nb7Rr0G3Al-w64W3op,2016-06-14,Northern Cardinal,M,87,37.6
v5Hp0I57z4-x310KGk,2016-06-14,Carolina Wren,M,63,22.7
xSq95icB8h-w64W3op,2016-06-14,Northern Cardinal,M,90,44.5
uV3721B68q-x310KGk,2016-06-14,Gray Catbird,M,92,32.9
s1Ibrw6B5u-x310KGk,2016-06-14,Song Sparrow,M,64,20.4
g90Cfa0g4t-b9I2xm8,2016-06-17,Song Sparrow,M,67,21.5
q1G296A3n5-cdqnTEx,2016-06-16,American Robin,M,124,78.4
o8h1G4wzZ4-cdqnTEx,2016-06-16,House Wren,M,49,11
qDr34e3jWO-o1Z1jm2,2016-06-20,House Wren,F,47,9.8
dzG806A3LP-o1Z1jm2,2016-06-20,Song Sparrow,M,66,20.9
ti8ltewQj7-bbm615D,2016-06-21,Northern Cardinal,F,92,41
b6X23G20s4-bbm615D,2016-06-21,Northern Cardinal,F,91,41.8
baf0Xen9wp-yBF4Vja,2016-06-25,House Wren,M,53,10.3
uD42J6jq51-bbm615D,2016-06-21,Northern Cardinal,M,93,42.2
qB2634459H-bbm615D,2016-06-21,Song Sparrow,F,64,21
yHy987tlr5-lY81r0A,2016-06-22,American Robin,F,122,84.2
vdUAODJB1m-o1Z1jm2,2016-06-20,House Wren,M,51,9
l4BVI53U7A-cdqnTEx,2016-06-16,Northern Cardinal,F,92,44
yG4opb301P-i0mlCtD,2016-06-21,Gray Catbird,M,89,33
dR09H2XGaL-yBF4Vja,2016-06-25,House Wren,F,47,10.6
nHe35dZ9X6-fyT3699,2016-06-27,Northern Cardinal,F,90,43.5
v7n4PC4puc-fyT3699,2016-06-27,Northern Cardinal,F,88,40.3
tn38TE1X0k-lY81r0A,2016-06-22,Gray Catbird,M,88,36.7
g8gsiwRA5j-unU3Rj0,2016-06-24,Gray Catbird,F,88.5,44.9
p7le3fWq2G-yBF4Vja,2016-06-25,Gray Catbird,F,89,36.5
yz10qf9N3c-k8jrIGQ,2016-06-22,Carolina Wren,F,58,19.6
m0KvlW301C-bbm615D,2016-06-21,House Wren,M,48,10.2
baRPjU1Oib-k8jrIGQ,2016-06-22,Northern Cardinal,F,90,44.4
f1WT76e70z-hb2n87t,2016-06-25,American Robin,F,125,77.1
xO6Zs364b6-f0U49j3,2016-06-26,American Robin,M,121,65.3
w2Yanr0UeB-b9I2xm8,2016-06-17,Carolina Chickadee,F,60,9.1
fHE7rSsMC4-unU3Rj0,2016-06-24,Song Sparrow,M,65,21.1
e71jG3O0tD-lY81r0A,2016-06-22,Gray Catbird,F,86,39.5
yu34T5j2s8-fyT3699,2016-06-27,Gray Catbird,M,89,35.9
tux16BGEmj-lY81r0A,2016-06-22,Gray Catbird,F,86,39.4
jMSZ2Id5lO-k8jrIGQ,2016-06-22,Carolina Chickadee,F,61,10
vpk6JNRcb6-hb2n87t,2016-06-25,Carolina Chickadee,F,60,9.1
s78gy0nF50-b9I2xm8,2016-06-17,House Wren,M,51,10.7
wpe8bjIW43-cdqnTEx,2016-06-16,Gray Catbird,F,90,38
q6dhoujEs9-i0mlCtD,2016-06-21,Carolina Wren,F,58,18
ai3875uLr2-k8jrIGQ,2016-06-22,Northern Cardinal,M,95,42
empP4YQ3xB-lY81r0A,2016-06-22,House Wren,F,47,11.5
xD2W8B7nZ1-yBF4Vja,2016-06-25,Song Sparrow,M,63,20.2
l6Pz06wf1Y-fyT3699,2016-06-27,Gray Catbird,M,83,33.5
xd76D624H3-fyT3699,2016-06-27,Carolina Chickadee,F,60,9.3
g123nTuQv2-fyT3699,2016-06-27,Gray Catbird,M,91,29.7
p7XP54k6Mt-i0mlCtD,2016-06-21,Northern Cardinal,M,95,43.6
oY5p9836bi-lY81r0A,2016-06-22,Gray Catbird,M,89,34.4
gu6xkb3de7-lY81r0A,2016-06-22,Gray Catbird,M,89,33.7
y8teYg910r-o1Z1jm2,2016-06-20,Gray Catbird,M,88,37.4
rK1I6RfiFr-bbm615D,2016-06-21,Gray Catbird,M,90,34.7
m09M5D3p5n-i0mlCtD,2016-06-21,Northern Cardinal,F,87,43.9
y1SIo1FPyr-yBF4Vja,2016-06-25,Northern Cardinal,F,90,38.3
zt24cpGZEl-fyT3699,2016-06-27,Gray Catbird,M,98,33.3
xpB1eOd74C-i0mlCtD,2016-06-21,House Wren,M,48,10.1
ukl5d62348-fyT3699,2016-06-27,Gray Catbird,F,88,38.3
eNhI0jetAl-lY81r0A,2016-06-22,Gray Catbird,M,84,35.4
aM52ImO06x-bbm615D,2016-06-21,Gray Catbird,F,86,32.6
izY6GNyOrv-yBF4Vja,2016-06-25,Carolina Chickadee,F,63,10.5
ime3f116L7-qOVY1B7,2016-06-29,American Robin,M,129,63.8
vreJyiK0L0-zIZ16eD,2016-07-02,Northern Cardinal,F,90,41.7
l4wLht7u9o-lL0X7Er,2016-06-30,Carolina Wren,F,56,16.7
zpWU1sQv3m-qOVY1B7,2016-06-29,Northern Cardinal,M,92,42.8
n07is609nP-unU3Rj0,2016-06-24,Song Sparrow,M,65,22.1
c5BpIk2c3J-by1kcoU,2016-07-02,Carolina Wren,F,60,20.9
omuW3kpDe5-lL0X7Er,2016-06-30,House Wren,F,49,11.9
e30RiVdwJt-fyT3699,2016-06-27,Gray Catbird,M,85,33.9
bqI5625fX7-qOVY1B7,2016-06-29,Carolina Wren,F,57,22
b9bEV4107n-lL0X7Er,2016-06-30,House Wren,M,50.5,10.7
jmtWTI5x08-by1kcoU,2016-07-02,House Wren,F,49,10.4
wzKpstJ48h-zIZ16eD,2016-07-02,Gray Catbird,M,88,33.1
t0Dj6k2og3-by1kcoU,2016-07-02,Gray Catbird,F,86,35.4
aE1rGD9aI4-by1kcoU,2016-07-02,House Wren,F,49,10.5
y2oF9483d6-by1kcoU,2016-07-02,Gray Catbird,F,82,34.6
vt20g97R6f-by1kcoU,2016-07-02,Gray Catbird,F,87,33.8
oLdQX2abVz-cbq0klV,2016-07-05,Gray Catbird,F,88,41.8
veGFb134mn-xcBCY42,2016-07-01,Carolina Wren,M,60,22.9
m9oM4m5tdP-zIZ16eD,2016-07-02,Song Sparrow,M,67,20.9
cS5M8Wpqju-zIZ16eD,2016-07-02,House Wren,F,48,9.7
hMC2044p6n-zIZ16eD,2016-07-02,Gray Catbird,M,88,37.5
zfot0079R8-cbq0klV,2016-07-05,House Wren,F,51,11.3
l9336nwE2s-by1kcoU,2016-07-02,Song Sparrow,M,65,20.8
vsL7PNxv57-cbq0klV,2016-07-05,House Wren,M,52,10.8
pPVvi8tc01-cbq0klV,2016-07-05,Gray Catbird,M,90,35.4
a7Yo62tN33-uauSUcL,2016-07-05,Gray Catbird,F,84,23.8
f0lP91yS7d-by1kcoU,2016-07-02,Gray Catbird,F,91.5,38
znMXT4m1Vp-nFjbEMw,2016-07-06,Northern Cardinal,M,93,42.2
uM2Q0Cx3N1-nFjbEMw,2016-07-06,Carolina Wren,F,59,20
g0d89iPqKe-uauSUcL,2016-07-05,Song Sparrow,M,84,23.8
g2fX9rl953-zIZ16eD,2016-07-02,House Wren,M,51,10.3
l8J5b492to-cD25Y5h,2016-07-07,American Robin,M,130,70.5
im08Ss2ul0-dMyisJK,2016-07-07,Song Sparrow,M,65,12.2
q4O47873x5-cD25Y5h,2016-07-07,Carolina Wren,F,63,20
lrX3YlbzUS-dMyisJK,2016-07-07,Gray Catbird,M,86,21.7
hq9lN037xI-dMyisJK,2016-07-07,House Wren,M,49.5,7.1
miB3cFds6Y-dMyisJK,2016-07-07,Carolina Wren,F,59,11.6
on7A27D5Jg-dMyisJK,2016-07-07,Northern Cardinal,M,94.5,27.2
ipl97F173R-cD25Y5h,2016-07-07,House Wren,M,47,9.2
oyK2ioV1SQ-l4yqk8f,2016-07-10,House Wren,M,48.5,10.4
mOmMUwGo23-cD25Y5h,2016-07-07,Northern Cardinal,M,89,44
ukxv3Kinjr-dMyisJK,2016-07-07,House Wren,F,47,7.5
rkdI76r8gu-h70c6O9,2016-07-09,House Wren,M,50,10.5
aoLWU249Fr-x407B1t,2016-07-11,House Wren,F,48,11.9
mBj5lPFs7o-l4yqk8f,2016-07-10,Song Sparrow,F,62,19.9
yxB9n2v62d-y9k43oO,2016-07-09,Gray Catbird,M,89,34.4
c0z54AU62X-h70c6O9,2016-07-09,Carolina Wren,F,61,21.3
p1Dt1Spg2L-i2IO04n,2016-07-11,Gray Catbird,F,88,37.2
fOXH9K4q3l-y9k43oO,2016-07-09,American Robin,M,126,68.3
rSF0o1Nu75-y9k43oO,2016-07-09,House Wren,M,49,11.5
y7r58DwAzK-i2IO04n,2016-07-11,House Wren,M,49,10.6
xB5Z21f6jg-l4yqk8f,2016-07-10,Gray Catbird,F,89,35.7
z02valGDrf-rIcq240,2016-07-13,Gray Catbird,M,95,36.7
g2kIdH6eMT-tEZ166A,2016-07-14,House Wren,M,51,11.6
mbwNDY3y7A-l4yqk8f,2016-07-10,Gray Catbird,M,90.5,38.7
mNo5t56xCh-rIcq240,2016-07-13,Northern Cardinal,M,93,42.8
e2C7n7oA9u-l4yqk8f,2016-07-10,Gray Catbird,M,89,30.9
b33xWZ8N49-gJxeOBT,2016-07-12,Gray Catbird,F,87,33.9
zeyLh57Y3l-gJxeOBT,2016-07-12,American Robin,F,125,75.2
f3vCr76lGQ-x407B1t,2016-07-11,House Wren,M,49,10.7
c2hUOQ8L0g-i2IO04n,2016-07-11,Gray Catbird,M,89,34.9
q4mAP5KXB2-gJxeOBT,2016-07-12,Northern Cardinal,M,94,42.2
xpkWXa3317-rIcq240,2016-07-13,American Robin,M,125,66.6
b1SR2UX9ZN-rIcq240,2016-07-13,Northern Cardinal,F,93,41.3
bmvqRK5ofO-x407B1t,2016-07-11,House Wren,F,46,10.9
vKJLOcti68-tMP3ayU,2016-07-15,Song Sparrow,F,61,20.8
bbGPV0xRvQ-rIcq240,2016-07-13,Song Sparrow,M,68,22.2
e42P205WF3-x407B1t,2016-07-11,Carolina Wren,F,60,19
hBe5y83kY6-q52vQY3,2016-07-18,Northern Cardinal,F,91,40.5
coGdxye2q4-f5MzCLF,2016-07-23,Song Sparrow,F,55,22.1
ve7MmS7ZsT-nku336w,2016-07-19,Carolina Wren,F,58,20.7
utSNI0m4Eu-m06iE4O,2016-07-21,Song Sparrow,M,63,20.8
m39h0nDxd4-tMP3ayU,2016-07-15,Gray Catbird,F,88,32.7
v2JpFjzg3H-tMP3ayU,2016-07-15,House Wren,M,49,10.3
e3t2N9a7oA-nku336w,2016-07-19,Song Sparrow,M,61,21.4
iTR2sfUpq1-tMP3ayU,2016-07-15,Northern Cardinal,F,93,46.2
cHxEayLn8v-sg86DsO,2016-07-20,American Robin,M,125,65.8
s5vAqctOG9-m06iE4O,2016-07-21,Northern Cardinal,M,92,44.7
i1J3TzdkV6-f5MzCLF,2016-07-23,American Robin,F,125,70.3
mWoz2lmGe1-sg86DsO,2016-07-20,Carolina Wren,F,62,20.2
k2lLv8Vk0I-q52vQY3,2016-07-18,Song Sparrow,M,64,20.1
djdm316qxU-q52vQY3,2016-07-18,Northern Cardinal,M,92,38.3
x3b15vq9D6-f5MzCLF,2016-07-23,Northern Cardinal,F,86,39.8
eEy2W612xD-q52vQY3,2016-07-18,House Wren,M,48,11.1
i1H7s8i4YL-sMPYgJm,2016-07-26,Song Sparrow,F,59,16.8
qKESs8X217-sMPYgJm,2016-07-26,Song Sparrow,M,62,18.5
rZCg05RK16-nbinfu7,2017-04-21,Song Sparrow,F,59,22.9
k8FyfR6Nxd-zDun5Gp,2017-05-04,Carolina Chickadee,M,65,10.2
k22VW61ic7-nbinfu7,2017-04-21,Song Sparrow,M,67.5,20.7
ptw8ox6BQ5-s2Z5H47,2017-03-13,Song Sparrow,M,64,18.3
sWIOdY72Lz-oozCI6Z,2017-05-03,Northern Cardinal,M,98,38.9
qcBk2R1233-v5t4zPh,2017-05-09,House Wren,M,52,11.1
s24LCUXZYG-s2Z5H47,2017-03-13,Carolina Chickadee,M,56,8
r9sluEVN9k-oozCI6Z,2017-05-03,American Robin,M,120,82.9
zew0lVd5bf-v5t4zPh,2017-05-09,Song Sparrow,M,65,20.3
fxf7Ca6NQV-zDun5Gp,2017-05-04,Carolina Chickadee,M,66,10.2
nOP971thEQ-v5t4zPh,2017-05-09,House Wren,F,49,13.1
cIL5Vl8t55-v5t4zPh,2017-05-09,Song Sparrow,M,63,20.6
axNB0d7gG9-cHc8e1A,2017-05-13,American Robin,F,121.5,83.3
jW5OJ64YIN-zDun5Gp,2017-05-04,Carolina Chickadee,M,63,9.7
q10Y5CZlcX-c6F96QG,2017-04-28,Song Sparrow,M,69,21.4
u4vTdp2y3j-av0R9Q2,2017-05-24,House Wren,M,49,10.9
sK3hzg9LZR-ap8egNn,2017-05-26,American Robin,M,125,71.2
hOi7S61CTK-h46Cr72,2017-05-21,House Wren,F,49,9.1
gTHx629cy0-fI31jse,2017-05-27,Gray Catbird,F,86,37.9
h0DgwtY9Vm-k8B4j03,2017-05-26,American Robin,F,121,77.7
es9Gn8iS4K-h46Cr72,2017-05-21,House Wren,M,51,7.4
o1246qhZa6-k8B4j03,2017-05-26,Gray Catbird,F,88,39
skjfT5sDG6-pnEAXm8,2017-05-20,American Robin,F,123.5,84
ujnS50E068-h46Cr72,2017-05-21,Song Sparrow,M,65,18.9
e63f0aCkPY-k8B4j03,2017-05-26,Song Sparrow,M,65.5,19.3
iBS89dbpjK-fI31jse,2017-05-27,Song Sparrow,M,67.5,20.9
fWDKOG81Ux-k8B4j03,2017-05-26,American Robin,M,129.5,72.5
h5z6qMl07S-k8B4j03,2017-05-26,Song Sparrow,F,62,19.1
f5Ep6lzic0-zc53328,2017-06-06,House Wren,M,51.5,9.7
scvkxF2DpI-l7rH7s9,2017-05-30,Carolina Chickadee,F,59.5,9
zGa8V2IL81-e1sQtL5,2017-06-06,House Wren,M,49.5,11
vJFe4MAhpP-zc53328,2017-06-06,House Wren,F,50,7.9
x5k4tiYyo8-rls5kg1,2017-06-07,House Wren,M,49.5,9.3
mbF4xZ0PC9-o5V8F1E,2017-06-08,Song Sparrow,M,64.5,17
em1JC3US8D-o5V8F1E,2017-06-08,House Wren,F,52,10.9
k36Di9K9Wg-rls5kg1,2017-06-07,House Wren,F,50,11.1
vFXhBQP3Wd-aJic0t3,2017-05-31,Carolina Chickadee,F,61.5,9.5
j1HDUwvg9Z-e1sQtL5,2017-06-06,American Robin,F,125.5,79.2
h8U6iGo302-cviD91c,2017-06-02,Song Sparrow,M,63,19.3
yK9mA073GX-l7rH7s9,2017-05-30,Song Sparrow,M,77,20.6
idQ0I13AZp-zc53328,2017-06-06,Carolina Wren,F,59,19.9
y848aDXM9S-l7rH7s9,2017-05-30,House Wren,F,51,13.8
nEI6ah5B8W-o5V8F1E,2017-06-08,Northern Cardinal,F,89,41
v23709IcHO-o5V8F1E,2017-06-08,Song Sparrow,M,63.5,20
g91KSQ81Fu-cviD91c,2017-06-02,Carolina Wren,F,57,20.1
xHLNqao6S9-rls5kg1,2017-06-07,House Wren,M,48.5,10.7
x34HGeZ9O6-zc53328,2017-06-06,House Wren,M,47,9.3
tyoHu8dFt7-rls5kg1,2017-06-07,House Wren,F,47,11.7
gb1qEol19P-aJic0t3,2017-05-31,American Robin,M,127,66.8
ih7TcFA1Ea-l7rH7s9,2017-05-30,House Wren,M,47,9.3
iIocBX2LrN-o5V8F1E,2017-06-08,House Wren,M,48,8.5
h5tN3i66s2-e1sQtL5,2017-06-06,American Robin,M,126,76.3
w26ozuOLxe-o5V8F1E,2017-06-08,Northern Cardinal,F,94,41
t202awG9xF-yig6Dt0,2017-06-08,Carolina Wren,M,59.5,22.7
hVYE95NOjM-rm5q4lg,2017-06-09,Gray Catbird,M,93,33.8
zj2FDGHRUE-sP8hivC,2017-06-10,Gray Catbird,F,94.5,44.8
e016pg4JhA-qQKh6az,2017-06-12,Northern Cardinal,M,96,42.3
xFYXy3c8l7-o5V8F1E,2017-06-08,Northern Cardinal,F,90,36.7
a2HoZnTqbi-qQKh6az,2017-06-12,Northern Cardinal,M,94.5,43.7
hny1RgkEN4-z07pEdA,2017-06-12,House Wren,M,39,9.8
xjLp1d06D5-yig6Dt0,2017-06-08,House Wren,M,51,10.2
duO6W81nyT-m2ENmPC,2017-06-13,Gray Catbird,M,88,33.4
gpc5jqYm97-yig6Dt0,2017-06-08,Gray Catbird,M,91.5,35.7
b1ElLtM3GY-zc53328,2017-06-06,Northern Cardinal,M,92,40.1
n083YhUL3e-rm5q4lg,2017-06-09,Gray Catbird,F,88,34
yL4024H97K-rm5q4lg,2017-06-09,American Robin,F,121.5,85.4
tG8N1OH9ps-qQKh6az,2017-06-12,Northern Cardinal,F,91.5,42.8
qihv132Mn4-rm5q4lg,2017-06-09,Gray Catbird,M,91.5,35
oi6oz1XrxK-rm5q4lg,2017-06-09,Song Sparrow,M,64,20.3
atoZE1wn4v-e1sQtL5,2017-06-06,Song Sparrow,M,64.5,18.8
p851nKNUl1-qQKh6az,2017-06-12,Northern Cardinal,M,93,43
m5or23Uz10-rm5q4lg,2017-06-09,Gray Catbird,F,86,32.5
rth4X5g06O-k13pIWc,2017-06-20,House Wren,F,49,11
t09eiAH4Kp-e1jbON3,2017-06-15,Gray Catbird,F,89,36.8
t9D5NW62qV-v4lIGef,2017-06-15,Song Sparrow,M,64,20.1
j0Hk3c95b6-e1jbON3,2017-06-15,Song Sparrow,M,63,18.7
j9p6Rwj4yG-eKVtvxG,2017-06-19,House Wren,F,50,9.8
nG5E9oiK03-k13pIWc,2017-06-20,Northern Cardinal,F,91,43
z784MrW3Of-v4lIGef,2017-06-15,Carolina Wren,M,59.5,20.8
wnseh8w4v6-eKVtvxG,2017-06-19,Song Sparrow,F,62.5,20.3
p815g4G40c-e1jbON3,2017-06-15,Gray Catbird,M,88,33.4
s9zW2NjvEC-eKVtvxG,2017-06-19,Song Sparrow,M,67,21.4
kfuxZFw0ep-k13pIWc,2017-06-20,Northern Cardinal,F,91,44
rAB6N7rb0w-e1jbON3,2017-06-15,Carolina Wren,F,59,19
aH61O26eFE-v4lIGef,2017-06-15,Song Sparrow,M,66,21.2
g8h11q6A8Y-pu9QM38,2017-06-20,Gray Catbird,M,88,35.1
wF9Oro3J5T-v4lIGef,2017-06-15,Gray Catbird,M,91.5,36
aPGOm73846-v4lIGef,2017-06-15,House Wren,M,52,10.5
ih9obKH7zn-v4lIGef,2017-06-15,Gray Catbird,M,91.5,36.6
azKu47AXBp-v4lIGef,2017-06-15,Gray Catbird,F,85.5,43.9
q4E8Hn6UM1-pp7nsQ7,2017-06-14,Carolina Chickadee,F,58,9.6
zh32B8r046-eqC8bnZ,2017-06-22,Carolina Chickadee,F,58.5,8.8
dXRk57jn98-k13pIWc,2017-06-20,House Wren,M,46,9
plagdBj5Rw-eqC8bnZ,2017-06-22,Gray Catbird,M,91,33.4
q2v3zD6tX8-ebODNwr,2017-06-24,Song Sparrow,M,63.5,20.3
lTJbjN4fQB-eqC8bnZ,2017-06-22,Northern Cardinal,F,91.5,48
zK0BA10Vp8-aZ387Xa,2017-06-27,Northern Cardinal,M,95,43
ic3fbk7yHv-aZ387Xa,2017-06-27,Gray Catbird,M,90,35
p34k4770tI-b5ErZDl,2017-06-26,Northern Cardinal,M,91.5,46.8
p143Cu16pb-gF7qVC9,2017-06-28,Gray Catbird,F,86.5,33.2
ps7vA08h87-eqC8bnZ,2017-06-22,Gray Catbird,M,92,30.5
qdhkwZyPc9-eqC8bnZ,2017-06-22,Gray Catbird,F,89,39.2
xAfUa967x1-eqC8bnZ,2017-06-22,House Wren,F,47,12.5
zD0eWX2fld-gF7qVC9,2017-06-28,Gray Catbird,M,90,33.7
jIxMkn3B0m-ebODNwr,2017-06-24,Song Sparrow,M,65,18.7
s2i0q89K1L-gF7qVC9,2017-06-28,House Wren,M,51.5,9.9
i6mqRwbZ07-rqS2snc,2017-07-06,Gray Catbird,F,90,41.8
x26tp39h40-rqS2snc,2017-07-06,Gray Catbird,F,82.5,39
uTW983UL1g-g2W2u40,2017-07-05,American Robin,F,120,76
usK2oLjgfR-rqS2snc,2017-07-06,Gray Catbird,M,90,35.8
a79c2Nd00l-gF7qVC9,2017-06-28,Northern Cardinal,F,87,37.1
p9lzTO1tkP-ce6E6q8,2017-07-08,Gray Catbird,F,86,34.2
y6g1B2254J-gF7qVC9,2017-06-28,Carolina Wren,F,54,21.5
ehpX087dg2-ebODNwr,2017-06-24,American Robin,M,122.5,76
kXasx0bnSc-tLy7FR1,2017-07-01,Gray Catbird,M,93,35
u3vx6w0OLR-mk6bUH5,2017-06-30,Carolina Chickadee,F,61,9
pcp4Ou73kC-rqS2snc,2017-07-06,Gray Catbird,M,88.5,33.3
nwfY75cxTZ-t2N63Sy,2017-07-05,House Wren,F,48.5,11.7
j19XkDo52q-aRij35k,2017-07-07,House Wren,F,56.5,11.5
aCq51Ht638-rqS2snc,2017-07-06,Gray Catbird,M,88,34.2
w88XdD6tr1-aRij35k,2017-07-07,Gray Catbird,F,85,37.9
k6M8bo54Eg-aRij35k,2017-07-07,Northern Cardinal,M,94,40.1
mw7VRgpJsa-rqS2snc,2017-07-06,Northern Cardinal,M,93,37.5
dD43M9Kg8x-dTYH46d,2017-07-11,Carolina Chickadee,F,61,8.8
fW1voQlI67-ce6E6q8,2017-07-08,Song Sparrow,M,62,21
o3a0h2CgYH-wk5BAbi,2017-07-12,Gray Catbird,F,90.5,40
hkN1c5126W-aRij35k,2017-07-07,Northern Cardinal,M,88,40.8
a8jWD0Vwyq-h7NjqO5,2017-07-14,Gray Catbird,F,88,37.2
z951lk5ZYF-rqS2snc,2017-07-06,Gray Catbird,M,89,34.2
t28xcrT1sI-h7NjqO5,2017-07-14,Gray Catbird,F,90.5,34.2
nJ800441K7-t2N63Sy,2017-07-05,House Wren,M,52,11.8
t43IATPq8L-fRN7uIM,2017-07-10,Carolina Wren,M,66.5,20
e84M8D3OvR-fRN7uIM,2017-07-10,Northern Cardinal,M,94,45
nBWQbgvtD8-h7NjqO5,2017-07-14,Gray Catbird,M,90.5,35.7
q8KN2t7Ldj-dTYH46d,2017-07-11,Song Sparrow,M,64.5,20.3
kKmBv7ypdc-dTYH46d,2017-07-11,Northern Cardinal,F,88,40.5
yxZ61S8FAe-e3VI6tH,2017-07-19,Carolina Wren,F,59,20
yu2Pr4kINm-e3VI6tH,2017-07-19,Song Sparrow,M,65,20
fO06311qN0-c8PMHr9,2017-07-25,Carolina Wren,F,56,17
cv500903yf-gI5nT1u,2018-05-01,Northern Cardinal,M,99,43.6
sk7bEdlKM6-snR503H,2018-05-07,Carolina Chickadee,M,63,10
a1OeI2Qnrx-zgXCAqt,2018-05-09,House Wren,M,50,11.6
e4VIh6Z52R-pPu2I4a,2018-05-02,Carolina Chickadee,F,56,10.1
an4M7b0985-snR503H,2018-05-07,Carolina Chickadee,F,57,9.4
tUC74px5OZ-gI5nT1u,2018-05-01,Gray Catbird,M,87,36.2
i3u7h496gZ-tF4a56z,2018-04-30,Carolina Chickadee,F,61,10
bDR08o6CSv-a1nrhSe,2018-05-08,Northern Cardinal,M,96,44.5
xBXW2976mD-zgXCAqt,2018-05-09,Northern Cardinal,M,89,44.8
rsL47RP5C7-oYzLNIl,2018-05-04,Gray Catbird,M,85,33
wiIMvq16u2-zgXCAqt,2018-05-09,Northern Cardinal,M,88,40.4
l08GEnxk70-oYzLNIl,2018-05-04,Song Sparrow,M,64,20
yzPDN586H6-gI5nT1u,2018-05-01,American Robin,F,120,73.9
bpn7V0kNeS-ahYO0eb,2018-05-03,House Wren,M,50,10.2
p1Z658F6cC-oYzLNIl,2018-05-04,Northern Cardinal,F,91,45.2
vPdp5Xbhwo-l7iT5mz,2018-06-13,American Robin,M,129,67.1
rtp0XOlBR6-z2qu219,2018-06-02,House Wren,M,50,10.7
rfb358BLw2-eM4iu2V,2018-05-29,Gray Catbird,M,89,39.4
a9Vo4zK0Ys-k2OgFmo,2018-06-05,Northern Cardinal,M,91,43.9
glS8D39p9H-eM4iu2V,2018-05-29,Song Sparrow,M,65,22.3
kIboA6l87z-z2qu219,2018-06-02,House Wren,F,46,10.7
eZlu96OqWJ-k2OgFmo,2018-06-05,American Robin,F,128,76.6
yN6U3c49e1-p2Ts0L3,2018-06-06,Song Sparrow,M,66,19.3
iY98lrQv4L-eM4iu2V,2018-05-29,American Robin,F,130,82.4
xRS42LCMsN-al5UY0q,2018-06-07,Gray Catbird,M,91,37.4
qOw1u5QpPA-p2Ts0L3,2018-06-06,Northern Cardinal,F,89,39.4
v2sI9uyJUY-k2OgFmo,2018-06-05,American Robin,F,126,77.2
hSF8erOR8s-z87hB72,2018-06-09,American Robin,F,125,82.4
t3t76oB15a-y298G5X,2018-05-30,Song Sparrow,F,64,21.6
tei75qpUtM-p2Ts0L3,2018-06-06,Song Sparrow,F,66,19.9
eSLAF0Ty27-bTLpC84,2018-07-09,Gray Catbird,M,89,36.5
x487I5AC4r-vb0Lp5v,2018-06-14,Northern Cardinal,M,95,38.7
xoM9WF8hvy-p1YB3nG,2018-06-18,House Wren,F,46,13.4
dEw166108T-z5e4QBN,2018-07-07,Gray Catbird,M,91,35.4
fI645JR1Px-vb0Lp5v,2018-06-14,Northern Cardinal,F,86,44.8
o0yrsp2fJ9-bTLpC84,2018-07-09,House Wren,M,47,11.9
hTqJ2h9879-bTLpC84,2018-07-09,American Robin,M,127,71.2
rBd64E7UF7-al5UY0q,2018-06-07,Gray Catbird,M,90,36.1
jg4D4N10E9-z87hB72,2018-06-09,American Robin,M,134,78.4
j10R6lH5Vp-iya2vN5,2018-06-21,Carolina Wren,F,60,18.2
a5svFWU1cf-p5qD67F,2018-07-06,House Wren,F,49,11.6
z28m1RKkVM-al5UY0q,2018-06-07,Song Sparrow,M,68,20.8
h9s8y0VGlN-y298G5X,2018-05-30,Northern Cardinal,F,89,43.5
n1W6uM087H-bTLpC84,2018-07-09,Northern Cardinal,F,91,39.7
ir8Z1vSy04-b035Gh9,2018-07-10,Gray Catbird,M,88,33.9
ao0K84U4ZY-pMf7155,2018-06-04,Northern Cardinal,M,92,40.6
cPMV8b1yO8-r28dLgX,2018-06-19,Song Sparrow,F,64,23
luy524gZN7-bTLpC84,2018-07-09,Gray Catbird,M,85,35.1
ssADkjRNKc-vb0Lp5v,2018-06-14,Gray Catbird,M,86,33.9
a4X6xL038v-oT2sA89,2018-06-28,Northern Cardinal,M,95,43.6
cAJ394sdPT-r75g1sF,2018-07-05,Northern Cardinal,F,92,36.3
o8170v3KP3-p5qD67F,2018-07-06,Gray Catbird,M,85,28.2
xrO0k7s2uj-iya2vN5,2018-06-21,Gray Catbird,M,88,34.5
i2q8z36E53-oN4SrXm,2018-06-16,Northern Cardinal,F,87,45.4
uV97Ts1A1S-vB16318,2018-06-15,Gray Catbird,M,90,35.6
fc8MChrGA7-bTLpC84,2018-07-09,American Robin,M,121,74.1
sOtjl2wxmn-iya2vN5,2018-06-21,Gray Catbird,F,87,41.8
vIE3ql9T42-vb0Lp5v,2018-06-14,Northern Cardinal,F,86,40.5
eErFV7x6Wh-pMf7155,2018-06-04,Song Sparrow,M,63,21.4
ed5zZ48m7W-vVpM618,2018-06-25,Northern Cardinal,F,93,45.1
d219p338c7-r75g1sF,2018-07-05,Northern Cardinal,M,95,46.7
bza4qu7Q20-r75g1sF,2018-07-05,Northern Cardinal,F,90,45.7
ai04mOB1VI-vsAagil,2018-06-26,Song Sparrow,M,65,19.6
j7Z4JSA1H0-g616u8n,2018-07-03,American Robin,F,126,69.8
eLBPgG5h51-p5qD67F,2018-07-06,House Wren,M,49,10.4
o34FhsRf2k-g616u8n,2018-07-03,Northern Cardinal,F,96,44.3
m7eh4oq2ZP-vVpM618,2018-06-25,Carolina Wren,F,62,20.4
f5tjD8KAoC-b035Gh9,2018-07-10,House Wren,M,48,11
ax6G9FSAeq-ohpYlDi,2018-07-17,Northern Cardinal,F,89,41.3
wOQ9T0pmIR-yQim0Cg,2018-07-21,Gray Catbird,M,91,37.5
lmJy3Fq6sc-b3x4t16,2018-07-14,Carolina Wren,F,64,18.3
fI8pqj0J2Y-e2368SP,2018-07-18,Gray Catbird,F,91,32.4
fAg3b44d87-ohpYlDi,2018-07-17,Gray Catbird,F,92,35.7
bMS5Kz9DHu-yQim0Cg,2018-07-21,Song Sparrow,M,72,21.7
yUiyS42Lq3-e2368SP,2018-07-18,Northern Cardinal,M,95,43.6
e9ia7SCe8L-p0aqh28,2018-07-11,House Wren,M,66,20.9
ate7pH2YL1-u86w7cg,2018-07-13,House Wren,M,50,10.4
e9z3DE32dt-e2368SP,2018-07-18,Gray Catbird,M,89,36.2
mdH353r61y-w3x4816,2018-07-26,Song Sparrow,M,71,20.9
e3A5Q4I2ki-p0aqh28,2018-07-11,Song Sparrow,M,66,21.7
dCtzb3X71E-b3x4t16,2018-07-14,Gray Catbird,F,91,37.7
m001g2y14M-p0aqh28,2018-07-11,House Wren,F,49,10.7
jaJAmQbi8o-j7aZN9D,2018-07-25,Carolina Chickadee,M,63,9.4
f3jqe2Cy7F-m96n2pa,2019-05-20,House Wren,M,46,11.5
h9ni5h1Zvx-a1z6g85,2019-05-22,Northern Cardinal,M,90,39.8
rH2pt19v7f-a1z6g85,2019-05-22,Northern Cardinal,M,87,37.5
o59AXkpCNW-m9asYJ2,2019-05-23,Carolina Chickadee,F,63,10.1
qCVNkOzsh9-m9asYJ2,2019-05-23,Northern Cardinal,F,87,44.7
b5bTXKf21o-m9asYJ2,2019-05-23,Northern Cardinal,M,91,41.8
iDbs6Rge5l-m9asYJ2,2019-05-23,Northern Cardinal,M,95,44.2
o3fEiBNjtm-yZWP2BM,2019-05-17,Song Sparrow,M,65,21
roX44HY58e-kEO9ax6,2019-05-15,Carolina Chickadee,M,59.5,9.4
a89knXYOtq-a1z6g85,2019-05-22,Carolina Wren,F,61,20.2
mHj2dafn24-m9asYJ2,2019-05-23,Northern Cardinal,F,92,43
or4s6RVzJI-yZWP2BM,2019-05-17,Song Sparrow,F,58,16.1
vwhdxO5qf5-yZWP2BM,2019-05-17,American Robin,F,124,84.5
epth0W1n96-m96n2pa,2019-05-20,Gray Catbird,M,93,39.5
ak8EAl3s5c-yZWP2BM,2019-05-17,American Robin,M,125,66.7
mDE01m0F22-kEO9ax6,2019-05-15,Gray Catbird,F,91,35.6
dF8Auym02R-m9asYJ2,2019-05-23,Northern Cardinal,M,96,42.3
t3X0T0tIY3-yZWP2BM,2019-05-17,American Robin,M,121,60.9
a7R939428X-lDuNz2x,2019-05-21,American Robin,F,126,78.7
rGs68urc5x-x5ViOpH,2019-05-30,Carolina Wren,F,56,18.5
j6oVB8bwkJ-lDuNz2x,2019-05-21,American Robin,F,127,76.1
mto77x4T98-m9asYJ2,2019-05-23,Northern Cardinal,F,92,43.9
y81g34HIs5-a1z6g85,2019-05-22,Northern Cardinal,M,91,42.4
vBD39K92Gx-kEO9ax6,2019-05-15,Northern Cardinal,M,98,35.1
jf3UNQ7D9d-a14FN64,2019-05-29,American Robin,M,122,77.6
cR72U5k17L-a14FN64,2019-05-29,Gray Catbird,F,89,37.5
mp1A44m5E6-m9asYJ2,2019-05-23,Northern Cardinal,M,93,39.6
a447UC257K-lDuNz2x,2019-05-21,Northern Cardinal,M,97,48.5
sH3N83IuEf-xzQp7bT,2019-06-03,House Wren,M,49,10.4
sR6fZm5wYv-xzQp7bT,2019-06-03,Northern Cardinal,F,91,40.8
igs77pMrj5-jh8UMWr,2019-06-03,Gray Catbird,M,90,40.2
rEhl40s3Da-lrYtKOp,2019-06-01,Gray Catbird,F,86,40.7
ocC54PNSyQ-c354oEF,2019-06-14,Gray Catbird,M,89,34.8
z1EGr5e0QO-fF0Z14x,2019-06-04,Gray Catbird,F,90,38.1
lQ99F2YnIR-ti99Jcx,2019-06-01,House Wren,M,54,11
a7vn6530Am-jh8UMWr,2019-06-03,Song Sparrow,M,66,22.2
oNs5RHj37w-lrYtKOp,2019-06-01,American Robin,M,126,68.4
g43h8W3x1Q-pNPhYvG,2019-06-05,Northern Cardinal,M,91,43.4
xsK9MQXbg3-eMP1gr0,2019-06-12,House Wren,F,49,10.7
x7s2Hagtm3-xzQp7bT,2019-06-03,House Wren,M,49,11.6
tdKBa54Qpl-xzQp7bT,2019-06-03,House Wren,F,46,11.5
u6DPRY1p72-ti99Jcx,2019-06-01,Song Sparrow,M,65,22.1
dA1T59V3Hw-fF0Z14x,2019-06-04,Northern Cardinal,F,90,46
lTKoa42JA6-c354oEF,2019-06-14,Northern Cardinal,F,94,48.5
lE030dN26m-wx6Fg5j,2019-06-05,House Wren,M,49,10.7
s52zIW201r-xzQp7bT,2019-06-03,Carolina Wren,M,57,20.5
fG5u4xso7Y-wx6Fg5j,2019-06-05,Gray Catbird,M,87,34.1
bzb9A71BPk-pNPhYvG,2019-06-05,Song Sparrow,M,64,20.5
gYDuEH3826-sK8y2Dn,2019-06-06,American Robin,M,125,77.6
dZyhe0766w-ti99Jcx,2019-06-01,Northern Cardinal,F,90,37.2
nHj86U823S-lrYtKOp,2019-06-01,Gray Catbird,M,86,35.4
q2642Q793k-lrYtKOp,2019-06-01,Gray Catbird,F,85,39.9
i1mJUzyTgI-jh8UMWr,2019-06-03,American Robin,M,124,71.2
zkbWBTZ8IS-eMP1gr0,2019-06-12,House Wren,M,47,10.2
eLwp1g6q9v-sK8y2Dn,2019-06-06,American Robin,F,118,91.7
pOGTU34K0b-jh8UMWr,2019-06-03,American Robin,M,126,70.6
fjEVBhXe98-c354oEF,2019-06-14,Northern Cardinal,F,89,41.4
k4C048B5aI-ti99Jcx,2019-06-01,Carolina Chickadee,M,59,9.1
mh7Z3736i6-lrYtKOp,2019-06-01,House Wren,F,49,12.3
w09zOKSFV9-wx6Fg5j,2019-06-05,House Wren,M,48,10.3
uqKRe0AzM5-fF0Z14x,2019-06-04,Northern Cardinal,M,92,43.5
h0dCRHui7y-eMP1gr0,2019-06-12,Carolina Wren,F,57,20.9
rl3Q0iGd9c-xzQp7bT,2019-06-03,Northern Cardinal,M,94,41.3
rTl0dV8239-ti99Jcx,2019-06-01,House Wren,F,42,10.8
eB8m6Hloy9-c354oEF,2019-06-14,Carolina Wren,F,57,17.3
a3EDUJG4T1-ti99Jcx,2019-06-01,House Wren,M,53,10.7
pH7s2UJk1x-eMP1gr0,2019-06-12,Gray Catbird,M,89,36.2
j54im6zB12-c354oEF,2019-06-14,Northern Cardinal,M,93,41.8
juRwcbh2l6-zkaRf1I,2019-06-19,Gray Catbird,M,84,32.4
v0se5a2cPb-z8TkCx7,2019-06-19,Carolina Chickadee,F,61,9
yT5HZ4BdEN-ngsw19L,2019-06-21,Gray Catbird,M,89,35.2
am8tGl40yr-c354oEF,2019-06-14,Northern Cardinal,M,92,41.9
jhik2rf4Yg-wvDsd6t,2019-07-01,Song Sparrow,F,65,19.8
v3D81lt275-c354oEF,2019-06-14,Northern Cardinal,M,91,41.4
gz5Z48Wo3e-c354oEF,2019-06-14,Gray Catbird,F,89,37.3
yTEPtrB0I6-z8TkCx7,2019-06-19,House Wren,M,51,10.7
sBYrEISmZq-ngsw19L,2019-06-21,Song Sparrow,M,66,20.7
b98U1KzrbE-zkaRf1I,2019-06-19,Gray Catbird,M,87,33.8
hzvZeQ76wU-wvDsd6t,2019-07-01,Northern Cardinal,M,93,42.3
qXi50M245E-q4K77Y9,2019-06-18,Carolina Wren,M,59,20.8
eabtM1i729-s5AaL32,2019-06-24,Carolina Chickadee,F,58,9.5
db91jmqB23-tXa9y71,2019-06-24,Song Sparrow,M,65,19.5
cO69aGTqlo-wvDsd6t,2019-07-01,Gray Catbird,F,89,42
nJU99B327u-q4K77Y9,2019-06-18,Northern Cardinal,M,94,42.3
eM1o7V02s2-p384Pd8,2020-06-02,Gray Catbird,M,95,35.9
x7W23nd637-tinDsm1,2020-07-01,Northern Cardinal,F,89,38.6
w57M5Q1R41-p384Pd8,2020-06-02,Gray Catbird,F,89.5,40.4
n59RhECzSa-i7YWRy6,2020-06-03,American Robin,F,134,77.2
stF2A74Ow0-h5I2mK4,2020-06-25,Gray Catbird,F,89,38.7
vklKazT13H-p384Pd8,2020-06-02,American Robin,F,121,78.8
rILb3HyT3w-tinDsm1,2020-07-01,Northern Cardinal,F,88,36.6
qB1X685FCN-z4FG79o,2020-06-08,House Wren,M,49,10.3
a6JTP2Cs9V-p384Pd8,2020-06-02,Northern Cardinal,M,96,41.1
zwNP1apIdG-p384Pd8,2020-06-02,Gray Catbird,F,91,35.4
e0EU1wO73D-u2wnuOJ,2020-06-29,Northern Cardinal,F,85,30.9
n6peS61oVP-h5I2mK4,2020-06-25,Gray Catbird,M,90,36.8
xAv3t2lJKR-w45x55Z,2020-07-02,Carolina Chickadee,F,62,9.6
m11xlsitzO-u2wnuOJ,2020-06-29,Carolina Chickadee,M,60,10.2
kD6B07h9gO-w45x55Z,2020-07-02,Song Sparrow,M,65,21.9
o504W9f13C-h5I2mK4,2020-06-25,Gray Catbird,M,89,35.2
oNr7i8qUB0-gxz429H,2020-06-27,Carolina Chickadee,F,59,8.9
k2zH07O4io-h5I2mK4,2020-06-25,Northern Cardinal,M,90,47.9
p630by6EJ0-h5I2mK4,2020-06-25,Northern Cardinal,M,92,42.7
eAc52vC7T0-w45x55Z,2020-07-02,Carolina Wren,F,59,20.6
fBX79Vkts9-gxz429H,2020-06-27,Gray Catbird,M,86,34.6
jR4a3bVU2m-naW97p3,2020-06-01,Carolina Wren,M,58,20.4
l3rjoc3BJC-hE5Gfme,2020-07-14,House Wren,M,50,11.7
j0G788T94D-qNF77ns,2020-06-13,Carolina Wren,M,60,20.6
uqden4G2KA-w08r61n,2020-06-05,Gray Catbird,F,95,37
a2OB2tMQw0-w9W5EO2,2020-06-24,Northern Cardinal,M,91,50.4
si39G7d4JU-kBX1hTZ,2020-06-09,American Robin,F,123,80.1
rJ9mpSR1tl-l4H25sv,2020-06-12,Northern Cardinal,F,91,43.8
uMOXVim5uy-qNF77ns,2020-06-13,Gray Catbird,M,89,34.3
wX7YMi2y10-naW97p3,2020-06-01,Song Sparrow,M,66,19.5
b5N7Yrp1CA-naW97p3,2020-06-01,Northern Cardinal,M,95.5,40.5
iBg2R4G5XO-q6vCxXY,2020-06-15,American Robin,M,127,70.1
bA8a4mBI76-j3nahrt,2020-06-06,Carolina Wren,M,59,22
byM58B4rq1-q6vCxXY,2020-06-15,Gray Catbird,M,91,34.2
cF8jd8r97i-gXocM43,2020-06-20,American Robin,F,127,83.4
vnU8CTJtXh-w9W5EO2,2020-06-24,Northern Cardinal,M,93,44.3
jQby3Ztm6G-tK008nZ,2020-07-15,Gray Catbird,M,89,37.6
yI30Rp93xj-naW97p3,2020-06-01,Gray Catbird,M,95,33.1
n4A74m6SBn-qNF77ns,2020-06-13,Song Sparrow,M,67,21.8
uWqTDeFzxt-j3nahrt,2020-06-06,Song Sparrow,M,65,21.5
aX0KRfU4T0-j3nahrt,2020-06-06,Gray Catbird,M,92,36.6
n805hT3QA3-hE5Gfme,2020-07-14,Northern Cardinal,F,86,44.2
nD4vS085qu-mN1Yr6w,2020-07-23,Song Sparrow,M,68,19.8
a39qD9Bb4d-k66BI8r,2020-06-10,Gray Catbird,F,90,32
eM92L0GA07-gWG3Ll3,2020-07-29,Carolina Wren,F,58,18
ha93yGk263-naW97p3,2020-06-01,Northern Cardinal,F,90,46.4
tDaxYPO51u-e4BRIwV,2020-06-04,House Wren,F,47,12
wQV3p274Rl-nuF1T31,2013-06-08,American Robin,M,128,73.7
jgL2T05Rc5-nuF1T31,2013-06-08,American Robin,F,126,81.9
w10C8Gfs3g-ys7Sf15,2013-06-30,American Robin,M,131,76
q1A49JyNF3-pGvLZYC,2021-05-20,House Wren,M,48,10.9
vMpf7g5jm8-pGvLZYC,2021-05-20,Gray Catbird,F,89,37.5
kfVgWSLw5N-pGvLZYC,2021-05-20,Song Sparrow,M,62,21
tK96E5litp-q0fh6K9,2021-05-25,Carolina Chickadee,F,62,10.1
svQDhUM584-q0fh6K9,2021-05-25,Northern Cardinal,F,90,44.2
oO8CfdDq3z-q0fh6K9,2021-05-25,Northern Cardinal,F,90,39.6
d1xT7XlRDz-q0fh6K9,2021-05-25,Northern Cardinal,M,91,44
d69vhkK2I0-sDy7xH9,2021-05-24,Northern Cardinal,F,92,43.1
omX6863tA7-sDy7xH9,2021-05-24,Gray Catbird,F,88,36.5
f75pawbQ0I-sDy7xH9,2021-05-24,Northern Cardinal,F,92,44
y362m74U03-sDy7xH9,2021-05-24,Gray Catbird,M,89,37.1
tA66bsTr98-sDy7xH9,2021-05-24,Carolina Chickadee,F,60,9
qB0IrvFjLZ-sDy7xH9,2021-05-24,Song Sparrow,M,65,20.3
ya5ZoUuDsG-vZ4y7GA,2021-05-22,Northern Cardinal,M,91,42.6
cL579Y09GB-vZ4y7GA,2021-05-22,American Robin,F,122,85.2
d956r0M339-vZ4y7GA,2021-05-22,House Wren,M,52,10.8
fcahDR945n-vZ4y7GA,2021-05-22,Gray Catbird,M,89,37.2
pHG8h8OkW9-iV4018K,2021-05-27,Song Sparrow,M,64,21.3
o8WOrY483b-hsqzU1d,2021-05-21,Carolina Chickadee,M,62,10.1
y6Gs7ShkwK-mN9FXn5,2021-05-26,House Wren,M,49,10.9
a912a1Ng0o-mN9FXn5,2021-05-26,Gray Catbird,M,88,34.7
xBZ08hEGp7-mN9FXn5,2021-05-26,House Wren,F,49,10.8
o9oD0Z7AtU-zsYUi79,2021-05-31,Carolina Wren,M,59,21.4
dWRt53mkUa-zsYUi79,2021-05-31,Gray Catbird,M,90,35.7
zjp17MO948-zsYUi79,2021-05-31,Song Sparrow,M,66,21.1
t73eAgW2BO-c8BEf2K,2021-06-02,Northern Cardinal,F,91,42.3
yh9458ub2t-c8BEf2K,2021-06-02,House Wren,M,46,9.8
t9H3y1ceE4-c8BEf2K,2021-06-02,Gray Catbird,M,89,36.1
z5cXTr93DF-c8BEf2K,2021-06-02,American Robin,F,123,74.7
k0y21488gd-c9D3skZ,2021-06-01,American Robin,F,126,79.2
ltZMRI5qYC-c9D3skZ,2021-06-01,Gray Catbird,M,91,33.9
zTjH5t8DwE-c9D3skZ,2021-06-01,Gray Catbird,M,90,36.3
m6EqO58WfZ-c9D3skZ,2021-06-01,Gray Catbird,M,92,37
huUYy80b3j-c9D3skZ,2021-06-01,Gray Catbird,F,89,36.8
eIyRv4jxS1-c9D3skZ,2021-06-01,Song Sparrow,M,66,21.3
olz3Bpd7WC-o3dBifT,2021-06-04,American Robin,M,127,77.2
lAa1Shl944-o3dBifT,2021-06-04,Gray Catbird,M,87,36.1
kaGDO64m3Y-o3dBifT,2021-06-04,American Robin,M,123,73.4
eB72wcLsxP-o83uq81,2021-06-07,Northern Cardinal,M,92,40.8
wA9302u2xr-s5xL34Y,2021-06-10,American Robin,F,124,79.5
o6U8t94FYR-g9XPGN1,2021-06-09,Carolina Wren,M,60,9.7
r65CIJ4N2B-g9XPGN1,2021-06-09,Carolina Wren,F,60,10
nCZfD4b38H-g9XPGN1,2021-06-09,Northern Cardinal,M,91,42.3
jD096F1OiJ-g88QV3B,2021-06-14,House Wren,M,50,10.9
kYV1HjkIQ7-g88QV3B,2021-06-14,House Wren,M,50,10.9
cjKcZgG813-g88QV3B,2021-06-14,Song Sparrow,M,78,20.1
t3T4P0nZW6-g88QV3B,2021-06-14,Gray Catbird,F,86,39.3
c24cdKWLnz-vgbSex2,2021-06-15,Carolina Chickadee,F,60,9.9
yF0Kgo24AM-vgbSex2,2021-06-15,Northern Cardinal,F,93,41.4
cb6l1tS5D7-oQfx7bo,2021-06-16,Song Sparrow,M,66,21.6
mJc5n57GCY-oQfx7bo,2021-06-16,American Robin,M,127,72.3
zzbIUVr5yk-w478Zr6,2021-06-22,House Wren,M,51,10.2
fd4Wm1x250-w478Zr6,2021-06-22,Northern Cardinal,F,93,39.9
u134mYSajc-w478Zr6,2021-06-22,American Robin,M,128,76.3
s97h96P5R4-ePDKgzn,2021-06-17,Carolina Wren,M,60,21.6
iUO00ju5Fy-ePDKgzn,2021-06-17,Carolina Chickadee,F,61,9.3
rgG9x8wBDX-ePDKgzn,2021-06-17,House Wren,M,51,10.2
wOBr293v6Z-n0V2Szt,2021-06-21,Northern Cardinal,M,91,40.8
o9lFItQu0J-cM7DjVO,2021-06-18,American Robin,M,127,71.9
gu8BO45UDG-cM7DjVO,2021-06-18,House Wren,M,50,10.6
wdub9E74FY-cM7DjVO,2021-06-18,Gray Catbird,M,89,34.5
aceb90682r-cM7DjVO,2021-06-18,American Robin,F,125,96
a95Mh4pF18-cM7DjVO,2021-06-18,Carolina Wren,M,59,21.6
gr9qwEmUv0-tV5LY37,2021-06-23,House Wren,M,51,11.2
kNP63a31F5-tV5LY37,2021-06-23,Carolina Chickadee,F,60,9.1
br860mt9qP-e82HdTC,2021-07-06,Northern Cardinal,F,92,43
g02lwyP3rh-e82HdTC,2021-07-06,Carolina Wren,F,59,20
t88fSehv53-nlPA5FK,2021-07-01,Northern Cardinal,F,92,41.7
w031PIWbKN-nlPA5FK,2021-07-01,Gray Catbird,F,90,36.1
dTt96Wa7wB-nlPA5FK,2021-07-01,Gray Catbird,M,88,35.8
tQMkP94o1Z-nlPA5FK,2021-07-01,House Wren,F,51,9.9
acwjzQrW6L-nlPA5FK,2021-07-01,House Wren,M,50,9.8
wj9s727q4P-gp5Xt8z,2021-06-25,Gray Catbird,F,88,39.8
e1mp3IOt85-gp5Xt8z,2021-06-25,Gray Catbird,M,89,33.6
u8ixf17MPI-gp5Xt8z,2021-06-25,Gray Catbird,M,88,37.1
n70QAfwv3n-fUD82H2,2021-06-29,Gray Catbird,M,88,38
m473SCu3B1-fUD82H2,2021-06-29,Gray Catbird,F,87,36.6
dtHSyT6sv5-fUD82H2,2021-06-29,Gray Catbird,F,90,36.9
