id,date,longitude,latitude,scientific_name,common_name,user_login
97522850,2021-09-06,-81.4429768874,36.6080758606,Oncorhynchus mykiss,Rainbow Trout,tysmith
96265463,2021-07-20,-81.4344416667,36.5457716667,Oncorhynchus mykiss,Rainbow Trout,christopher_welch
95619604,2013-06-26,-79.873130098,38.6143296344,Oncorhynchus mykiss,Rainbow Trout,cameron_wilson2
94252605,2021-09-09,-80.3577633333,38.6649283333,Oncorhynchus mykiss,Rainbow Trout,clloyd98
94252524,2021-09-09,-80.3578033333,38.6648916667,Oncorhynchus mykiss,Rainbow Trout,clloyd98
94252452,2021-09-09,-80.3578333333,38.6649466667,Oncorhynchus mykiss,Rainbow Trout,clloyd98
93942537,2021-09-06,-81.5480204623,36.6788251979,Oncorhynchus mykiss,Rainbow Trout,dbond
93937350,2021-09-06,-81.5280283029,36.7603406538,Oncorhynchus mykiss,Rainbow Trout,cadecampbell
93937274,2021-09-06,-81.5279752137,36.760358649,Oncorhynchus mykiss,Rainbow Trout,cadecampbell
91489889,2018-05-05,-78.425745,39.0799333333,Oncorhynchus mykiss,Rainbow Trout,babypalm
91350637,2021-08-12,-81.3062444444,37.2744,Oncorhynchus mykiss,Rainbow Trout,ihunta
87665709,2021-07-18,-80.6432283333,38.4678283333,Oncorhynchus mykiss,Rainbow Trout,wayne_russell
86895518,2021-07-13,-76.9695021482,39.3608738754,Oncorhynchus mykiss,Rainbow Trout,emilio_c
86084097,2021-07-07,-81.704841814900007,36.6362060648,Oncorhynchus mykiss,Rainbow Trout,campostoma
83576569,2021-06-18,-78.9991253642,38.3767954326,Oncorhynchus mykiss,Rainbow Trout,fatwatson
83054612,2017-09-04,-80.354134,38.665352,Oncorhynchus mykiss,Rainbow Trout,chris_clark
82698765,2021-06-12,-79.0350845843,38.3568325615,Oncorhynchus mykiss,Rainbow Trout,fatwatson
82698518,2021-06-12,-79.0387135896,38.3565276233,Oncorhynchus mykiss,Rainbow Trout,fatwatson
82672602,2021-06-12,-79.035100046,38.3568161374,Oncorhynchus mykiss,Rainbow Trout,fatwatson
82669686,2021-06-12,-79.035099227,38.3568153301,Oncorhynchus mykiss,Rainbow Trout,fatwatson
82664930,2021-06-12,-79.0350992169,38.35681533,Oncorhynchus mykiss,Rainbow Trout,fatwatson
82600449,2020-03-21,-75.8579744018,39.315394448,Oncorhynchus mykiss,Rainbow Trout,teddy_wilkins
81258968,2021-06-01,-77.0800985023,39.0507206531,Oncorhynchus mykiss,Rainbow Trout,emilio_c
80973165,2021-05-30,-80.2881864106,37.449872701,Oncorhynchus mykiss,Rainbow Trout,evanoco
80927209,2021-05-30,-80.215924503,37.4748871188,Oncorhynchus mykiss,Rainbow Trout,evanoco
79645405,2021-05-06,-79.9495805556,37.9488,Oncorhynchus mykiss,Rainbow Trout,pmann
79425466,2021-05-08,-77.27037,39.1327278333,Oncorhynchus mykiss,Rainbow Trout,kato55
79023514,2021-05-13,-80.6909545871,37.0371373751,Oncorhynchus mykiss,Rainbow Trout,hgrady09
78172911,2021-05-09,-81.5434773855,36.7585995356,Oncorhynchus mykiss,Rainbow Trout,cadecampbell
77110173,2021-04-03,-80.2548308315,39.2742794176,Oncorhynchus mykiss,Rainbow Trout,jmf0030
76283571,2021-04-30,-79.1925378,39.0723307,Oncorhynchus mykiss,Rainbow Trout,hcpool3
74944287,2017-06-03,-80.8418283333,38.2797883333,Oncorhynchus mykiss,Rainbow Trout,thomassentz
74332358,2021-04-17,-80.0576187973,37.2796877065,Oncorhynchus mykiss,Rainbow Trout,kirk_gardner
74332349,2021-04-17,-80.0576187973,37.2796877065,Oncorhynchus mykiss,Rainbow Trout,kirk_gardner
74332341,2021-04-17,-80.0576187973,37.2796877065,Oncorhynchus mykiss,Rainbow Trout,kirk_gardner
73881115,2021-04-13,-78.9874616638,38.3849376531,Oncorhynchus mykiss,Rainbow Trout,mariareynozo
73757219,2020-11-21,-76.6963016667,38.943,Oncorhynchus mykiss,Rainbow Trout,ptbrnchbob
73235008,2021-04-07,-76.6969478601,39.2139861721,Oncorhynchus mykiss,Rainbow Trout,sercfisheries
72914664,2021-04-04,-79.0350766451,38.3568277953,Oncorhynchus mykiss,Rainbow Trout,fatwatson
72914610,2021-04-04,-79.0350797556,38.35683059,Oncorhynchus mykiss,Rainbow Trout,fatwatson
72538476,2021-03-23,-82.861257108,37.0047683486,Oncorhynchus mykiss,Rainbow Trout,mboller
72392013,2021-03-29,-80.46878,37.2800216667,Oncorhynchus mykiss,Rainbow Trout,eastern_spotted_dcomer
71885325,2021-03-23,-80.32215,37.336345,Oncorhynchus mykiss,Rainbow Trout,logster
70890525,2021-03-09,-76.8289878625,39.1343141964,Oncorhynchus mykiss,Rainbow Trout,jayce-the-creature-creator
70890462,2021-03-09,-76.8289930411,39.1343094491,Oncorhynchus mykiss,Rainbow Trout,jayce-the-creature-creator
70638943,2019-04-07,-78.6114999,38.0567092,Oncorhynchus mykiss,Rainbow Trout,conor94
70631754,2021-02-26,-76.831418112,39.1387272158,Oncorhynchus mykiss,Rainbow Trout,watchfulguardian
70501348,2021-03-03,-79.0353373269,38.3568590506,Oncorhynchus mykiss,Rainbow Trout,fatwatson
69967858,2019-09-02,-81.4955432318,36.6542338286,Oncorhynchus mykiss,Rainbow Trout,cadecampbell
67424306,2021-01-01,-76.8527738332,39.2448321494,Oncorhynchus mykiss,Rainbow Trout,sterlingnorthjr
67010522,2020-12-10,-76.9761225141,39.4556260739,Oncorhynchus mykiss,Rainbow Trout,baltimorefishing1
66979084,2020-12-23,-76.9690725376,39.3609932105,Oncorhynchus mykiss,Rainbow Trout,emilio_c
66444485,2020-04-19,-77.4077426111,38.4953006667,Oncorhynchus mykiss,Rainbow Trout,john_cox1969
63600649,2020-10-26,-79.8746349913,38.6118186741,Oncorhynchus mykiss,Rainbow Trout,randybodkins
62723614,2018-05-21,-81.119206,38.5758835,Oncorhynchus mykiss,Rainbow Trout,zerosugarsoda
61904328,2020-10-06,-77.8124345075,38.0940425297,Oncorhynchus mykiss,Rainbow Trout,haden514
61664688,2020-10-03,-79.11431117,39.443725,Oncorhynchus mykiss,Rainbow Trout,brendanmuha
60609855,2020-09-24,-79.48452,38.850995,Oncorhynchus mykiss,Rainbow Trout,kyle024
58660687,2020-09-05,-80.2616559444,37.5672849167,Oncorhynchus mykiss,Rainbow Trout,kirk_gardner
58643144,2020-03-20,-77.5744702339,39.1250280554,Oncorhynchus mykiss,Rainbow Trout,zebryx
56192919,2020-06-02,-81.5462971452,36.7598670751,Oncorhynchus mykiss,Rainbow Trout,drewluke13
54104791,2020-07-02,-81.535520723,36.7597140287,Oncorhynchus mykiss,Rainbow Trout,usmcfiremedic
53753357,2020-07-20,-80.3247477114,37.2898641036,Oncorhynchus mykiss,Rainbow Trout,ism14
53753317,2020-07-20,-80.3284233436,37.2895842937,Oncorhynchus mykiss,Rainbow Trout,ism14
52456069,2020-07-05,-79.28513333,38.96678,Oncorhynchus mykiss,Rainbow Trout,guardianman
52288712,2020-07-07,-77.0063966215,39.3547645938,Oncorhynchus mykiss,Rainbow Trout,emilio_c
50695885,2020-05-16,-76.8596502247,39.0910761654,Oncorhynchus mykiss,Rainbow Trout,jayce-the-creature-creator
49647598,2020-06-13,-79.6015747778,39.1826495833,Oncorhynchus mykiss,Rainbow Trout,craig42
47767792,2020-04-11,-76.8432826549,39.1425460414,Oncorhynchus mykiss,Rainbow Trout,ray156
47385045,2020-05-25,-76.62635833,39.323545,Oncorhynchus mykiss,Rainbow Trout,rtquad
47384953,2020-05-25,-76.62727167,39.32358667,Oncorhynchus mykiss,Rainbow Trout,rtquad
46845907,2019-10-21,-80.1134811617,38.4555888172,Oncorhynchus mykiss,Rainbow Trout,guardianman
44374149,2020-04-29,-77.74263833,39.1302445,Oncorhynchus mykiss,Rainbow Trout,piercewj21
44104293,2020-04-19,-76.62528333,39.32853,Oncorhynchus mykiss,Rainbow Trout,rtquad
44104224,2020-04-25,-76.6258661469,39.3400609588,Oncorhynchus mykiss,Rainbow Trout,rtquad
43916030,2020-04-27,-76.9220875,38.9876488,Oncorhynchus mykiss,Rainbow Trout,jmgconsult
43451055,2020-03-20,-77.5530191171,39.1449038046,Oncorhynchus mykiss,Rainbow Trout,scott572
43188950,2020-03-17,-79.0459174444,38.4362761667,Oncorhynchus mykiss,Rainbow Trout,shenandoahfishn
42764437,2020-04-19,-82.0201217383,37.4204173272,Oncorhynchus mykiss,Rainbow Trout,endicottae21
42083350,2020-04-04,-81.51464167,36.763145,Oncorhynchus mykiss,Rainbow Trout,hunterw52
40712138,2020-03-25,-83.65722,37.87426167,Oncorhynchus mykiss,Rainbow Trout,michelleberendsen
39683233,2020-03-07,-83.5725091305,37.820534776,Oncorhynchus mykiss,Rainbow Trout,michelleberendsen
39652406,2020-03-07,-75.5105031602,39.1116657909,Oncorhynchus mykiss,Rainbow Trout,gopatriots
39492044,2016-03-27,-76.7843610628,39.2205205038,Oncorhynchus mykiss,Rainbow Trout,billhubick
39491424,2019-04-24,-79.16910264,39.4628749858,Oncorhynchus mykiss,Rainbow Trout,billhubick
37008413,2019-12-15,-83.2044305628,38.087779597,Oncorhynchus mykiss,Rainbow Trout,michelleberendsen
36547031,2019-10-26,-76.6286449973,39.3494308787,Oncorhynchus mykiss,Rainbow Trout,greatvalley
36413014,2019-09-14,-80.4852916667,37.30275,Oncorhynchus mykiss,Rainbow Trout,khari15
36287361,2019-09-13,-81.5364,36.7594966667,Oncorhynchus mykiss,Rainbow Trout,tyler_walker
36287340,2019-09-13,-81.537475,36.760895,Oncorhynchus mykiss,Rainbow Trout,tyler_walker
34897586,2019-10-26,-80.9450669044,37.2427182231,Oncorhynchus mykiss,Rainbow Trout,ebspeciesfishing
34386599,2017-07-03,-79.2866628275,38.9613207871,Oncorhynchus mykiss,Rainbow Trout,dreadhorn
34338777,2019-10-14,-80.2863615493,37.3655955956,Oncorhynchus mykiss,Rainbow Trout,ebspeciesfishing
32870952,2019-09-13,-81.537475,36.760945,Oncorhynchus mykiss,Rainbow Trout,maiyah
32772036,2019-09-13,-82.8477977203,36.8198283497,Oncorhynchus mykiss,Rainbow Trout,colbyb
32699884,2019-09-14,-80.4852714469,37.3027042624,Oncorhynchus mykiss,Rainbow Trout,taelorjones
32668042,2019-09-13,-81.5356510709,36.7596041308,Oncorhynchus mykiss,Rainbow Trout,taelorjones
32666706,2019-09-13,-81.5364480392,36.7598244176,Oncorhynchus mykiss,Rainbow Trout,khari15
32182905,2019-09-04,-79.0168724095,38.3765762672,Oncorhynchus mykiss,Rainbow Trout,chrisazimmer
30832598,2019-08-14,-81.31529884,37.65220445,Oncorhynchus mykiss,Rainbow Trout,rileyaulick
30724953,2019-07-25,-79.4446766667,39.4636382778,Oncorhynchus mykiss,Rainbow Trout,bill-blauvelt
28841643,2019-06-17,-80.6012451278,38.2235825591,Oncorhynchus mykiss,Rainbow Trout,firefly75
28838966,2019-06-21,-79.0460568666,38.4378352989,Oncorhynchus mykiss,Rainbow Trout,b-bailey
28825644,2019-07-14,-80.5868411064,37.3619619349,Oncorhynchus mykiss,Rainbow Trout,ebspeciesfishing
28468335,2019-06-23,-80.5741383196,37.2974222415,Oncorhynchus mykiss,Rainbow Trout,ebspeciesfishing
27204576,2019-06-18,-77.9359719635,39.3558047357,Oncorhynchus mykiss,Rainbow Trout,schylerbrown
26500393,2019-06-05,-79.5441333204,37.627575189,Oncorhynchus mykiss,Rainbow Trout,tysmith
25590737,2019-05-22,-82.4365607737,36.9692182768,Oncorhynchus mykiss,Rainbow Trout,pipsissewa
25590496,2019-05-22,-79.645076877,38.8939358584,Oncorhynchus mykiss,Rainbow Trout,randybodkins
24964390,2019-05-11,-79.7126583385,39.1483600426,Oncorhynchus mykiss,Rainbow Trout,randybodkins
23809500,2017-06-18,-80.46862,37.280105,Oncorhynchus mykiss,Rainbow Trout,dylanguill
23119370,2019-02-17,-79.8832866667,37.9663116667,Oncorhynchus mykiss,Rainbow Trout,garrettkey
23085366,2019-04-25,-76.9649112585,38.9857304147,Oncorhynchus mykiss,Rainbow Trout,jmgconsult
22435744,2019-04-13,-76.9220875,38.9876488,Oncorhynchus mykiss,Rainbow Trout,jmgconsult
21758396,2019-03-27,-77.0235971667,39.0606638333,Oncorhynchus mykiss,Rainbow Trout,amycassa
21674303,2019-03-27,-77.0235408471,39.0606279206,Oncorhynchus mykiss,Rainbow Trout,yotaut
21537387,2017-06-26,-81.7544116667,37.0265916667,Oncorhynchus mykiss,Rainbow Trout,luj333
19409238,2018-11-06,-77.1417916667,38.8414833333,Oncorhynchus mykiss,Rainbow Trout,nacho26
19409224,2018-11-06,-77.1408471667,38.8400633333,Oncorhynchus mykiss,Rainbow Trout,nacho26
19409209,2018-12-24,-77.098534204,38.8050100269,Oncorhynchus mykiss,Rainbow Trout,nacho26
18220067,2018-11-03,-77.0862753028,39.2253998069,Oncorhynchus mykiss,Rainbow Trout,lassa8
17698357,2018-10-20,-80.4856403545,37.3031380093,Oncorhynchus mykiss,Rainbow Trout,drshawntdash
15150264,2013-05-10,-80.5936666667,37.356,Oncorhynchus mykiss,Rainbow Trout,f1sh
15150211,2012-09-23,-80.5995,37.3523333333,Oncorhynchus mykiss,Rainbow Trout,f1sh
14708193,2018-07-07,-80.3514688835,37.3267650867,Oncorhynchus mykiss,Rainbow Trout,fishyfish
14654103,2018-07-23,-81.5283540677,36.7603944818,Oncorhynchus mykiss,Rainbow Trout,usmcfiremedic
14395205,2018-07-14,-76.9459189845,39.3571012829,Oncorhynchus mykiss,Rainbow Trout,lassa8
14264854,2017-08-18,-80.3109055556,37.7924888889,Oncorhynchus mykiss,Rainbow Trout,thejarl5
13560432,2018-06-17,-77.0805284646,39.3020157185,Oncorhynchus mykiss,Rainbow Trout,lassa8
12391543,2018-03-10,-79.8486780563,38.1462284062,Oncorhynchus mykiss,Rainbow Trout,nicknewberry
12175556,2017-04-26,-77.2862186,38.8477986,Oncorhynchus mykiss,Rainbow Trout,matt-ratcliffe
11792018,2018-04-15,-82.016402225,39.3368719676,Oncorhynchus mykiss,Rainbow Trout,camter05
11681860,2018-04-28,-82.5192333333,37.4854583333,Oncorhynchus mykiss,Rainbow Trout,luke69
11646118,2018-04-28,-82.870255,37.8362083333,Oncorhynchus mykiss,Rainbow Trout,adam191
11391812,2018-04-07,-80.2567451135,38.34746395,Oncorhynchus mykiss,Rainbow Trout,themadpooper
9890132,2013-04-16,-82.052327,36.960484,Oncorhynchus mykiss,Rainbow Trout,pmk00001
9796707,2014-06-07,-79.8219027891,38.6001811405,Oncorhynchus mykiss,Rainbow Trout,randybodkins
9623281,2018-01-26,-79.7270890206,38.5304194135,Oncorhynchus mykiss,Rainbow Trout,randybodkins
9561677,2012-02-24,-77.0979689994,38.8044738068,Oncorhynchus mykiss,Rainbow Trout,pmk00001
9113468,2017-10-28,-82.98565,39.3376694444,Oncorhynchus mykiss,Rainbow Trout,miz_gibson
8779068,2017-10-21,-80.485633000000007,37.302827,Oncorhynchus mykiss,Rainbow Trout,drshawntdash
7083216,2017-07-03,-81.353057697,36.5583795158,Oncorhynchus mykiss,Rainbow Trout,nv_multispeciesfishing
6743293,2017-06-21,-82.5230633333,36.8667116667,Oncorhynchus mykiss,Rainbow Trout,rebeccaiozzi
6565578,2016-06-04,-80.3211111111,37.3377777778,Oncorhynchus mykiss,Rainbow Trout,quiggifur
6402964,2014-08-03,-80.0392029315,38.8111968019,Oncorhynchus mykiss,Rainbow Trout,randybodkins
5927387,2017-04-23,-77.0857268572,38.802142568,Oncorhynchus mykiss,Rainbow Trout,pmk00001
4372322,2016-09-10,-79.9497913665,37.9484067733,Oncorhynchus mykiss,Rainbow Trout,rpshane
4025761,2016-07-24,-81.098413,36.8208237,Oncorhynchus mykiss,Rainbow Trout,willdavis
3005920,2016-04-22,-82.746619,36.70971,Oncorhynchus mykiss,Rainbow Trout,apriloowho
2698318,2016-02-19,-77.1356721667,38.833655,Oncorhynchus mykiss,Rainbow Trout,kylefitzroy
2396781,2015-11-17,-79.7216700079,38.378303228,Oncorhynchus mykiss,Rainbow Trout,benzintr
2352361,2014-03-18,-76.884565,39.351781,Oncorhynchus mykiss,Rainbow Trout,seanpmyers
2308276,2015-10-23,-79.519181,38.802465,Oncorhynchus mykiss,Rainbow Trout,rpshane
2308267,2015-10-23,-79.491745,38.8394583333,Oncorhynchus mykiss,Rainbow Trout,rpshane
2239058,2015-10-20,-78.939117,38.040933,Oncorhynchus mykiss,Rainbow Trout,benzintr
1386531,2015-04-11,-76.696458,38.942174,Oncorhynchus mykiss,Rainbow Trout,fm5050
756316,2014-03-03,-78.362496,38.657868,Oncorhynchus mykiss,Rainbow Trout,vatroutjunkie
652264,2014-04-26,-82.447672,36.866232,Oncorhynchus mykiss,Rainbow Trout,benbutler
651839,2014-04-04,-82.586073,36.931223,Oncorhynchus mykiss,Rainbow Trout,benbutler
97085266,2021-10-03,-79.4624149722,37.5340279722,Salvelinus fontinalis,Brook Trout,eastern_bluebeard
97084662,2021-10-03,-79.464157,37.533436,Salvelinus fontinalis,Brook Trout,eastern_bluebeard
95620887,2018-09-21,-80.4037704468,38.2826543377,Salvelinus fontinalis,Brook Trout,hlieb
95491974,2020-07-01,-79.4492333333,39.0791583333,Salvelinus fontinalis,Brook Trout,bjorgo
94925062,2021-08-10,-80.2448421,37.553786,Salvelinus fontinalis,Brook Trout,thanhitt
92046292,2021-08-14,-81.0086266667,37.820535,Salvelinus fontinalis,Brook Trout,timbir5
90037837,2020-09-15,-79.6108856201,38.5615844727,Salvelinus fontinalis,Brook Trout,zackzimmerman
89503906,2021-07-31,-79.0515094338,37.870171848,Salvelinus fontinalis,Brook Trout,michael_mulligan
89421891,2021-07-27,-81.5175698598,36.7731261945,Salvelinus fontinalis,Brook Trout,cadecampbell
89421889,2021-07-27,-81.5775729303,36.6892801605,Salvelinus fontinalis,Brook Trout,cadecampbell
89268666,2021-07-29,-79.056279884,37.8795939923,Salvelinus fontinalis,Brook Trout,michael_mulligan
88756257,2021-07-23,-78.4371585484,38.5168017653,Salvelinus fontinalis,Brook Trout,wawa2021
88500248,2021-07-22,-78.423129,38.519125,Salvelinus fontinalis,Brook Trout,juliatwoods
88051866,2021-07-21,-81.3202274591,36.6265687485,Salvelinus fontinalis,Brook Trout,nv_multispeciesfishing
87711629,2021-07-18,-78.3961880447,38.4587213751,Salvelinus fontinalis,Brook Trout,fatwatson
87711342,2021-07-18,-78.3961321492,38.458756895,Salvelinus fontinalis,Brook Trout,fatwatson
87711319,2021-07-18,-78.3792969226,38.4502161186,Salvelinus fontinalis,Brook Trout,fatwatson
87605687,2021-07-18,-78.3787494427,38.4494137134,Salvelinus fontinalis,Brook Trout,fatwatson
87605636,2021-07-18,-78.3733303961,38.445486202,Salvelinus fontinalis,Brook Trout,fatwatson
87170486,2021-07-15,-79.077926,37.851894,Salvelinus fontinalis,Brook Trout,kirk_gardner
85828810,2021-07-05,-78.3934718177,38.4598182863,Salvelinus fontinalis,Brook Trout,fatwatson
85828789,2021-07-05,-78.3930991292,38.45968529,Salvelinus fontinalis,Brook Trout,fatwatson
85828724,2021-07-05,-78.3941699296,38.4593503982,Salvelinus fontinalis,Brook Trout,fatwatson
85828693,2021-07-05,-78.3939104966,38.4595872672,Salvelinus fontinalis,Brook Trout,fatwatson
85828662,2021-07-05,-78.3938823314,38.4596387085,Salvelinus fontinalis,Brook Trout,fatwatson
85828611,2021-07-05,-78.3942267169,38.4596008458,Salvelinus fontinalis,Brook Trout,fatwatson
85828562,2021-07-05,-78.3942381887,38.4593574015,Salvelinus fontinalis,Brook Trout,fatwatson
85828506,2021-07-05,-78.3942490937,38.4596178608,Salvelinus fontinalis,Brook Trout,fatwatson
85828429,2021-07-05,-78.3943927979,38.4595411872,Salvelinus fontinalis,Brook Trout,fatwatson
85828391,2021-07-05,-78.3943486313,38.4594958124,Salvelinus fontinalis,Brook Trout,fatwatson
85828111,2021-07-05,-78.3944988113,38.4592027412,Salvelinus fontinalis,Brook Trout,fatwatson
85238891,2021-06-30,-79.9512254595,38.6404342872,Salvelinus fontinalis,Brook Trout,alleghenies
85157662,2021-06-20,-78.6802579192,38.2948747289,Salvelinus fontinalis,Brook Trout,seamore
84985827,2021-06-26,-80.3818884864,38.2769809324,Salvelinus fontinalis,Brook Trout,lilacroller52
84508483,2021-06-21,-80.4248436,36.7662491,Salvelinus fontinalis,Brook Trout,cgmi11rer
84409850,2021-06-24,-79.5190194703,38.8419608455,Salvelinus fontinalis,Brook Trout,randybodkins
84243249,2021-06-23,-78.35438758,38.4966688026,Salvelinus fontinalis,Brook Trout,fatwatson
84219526,2021-06-22,-78.7495645025,38.1414265297,Salvelinus fontinalis,Brook Trout,kutekiwi
83842969,2021-06-20,-79.4978273174,38.661669033,Salvelinus fontinalis,Brook Trout,dietrichses
83576510,2021-06-18,-78.3759326039,38.4460535,Salvelinus fontinalis,Brook Trout,fatwatson
81905754,2021-06-06,-78.381457315,38.456985876,Salvelinus fontinalis,Brook Trout,fatwatson
81905729,2021-06-06,-78.3808723396,38.4564730544,Salvelinus fontinalis,Brook Trout,fatwatson
81905695,2021-06-06,-78.380502241,38.4562433109,Salvelinus fontinalis,Brook Trout,fatwatson
81905668,2021-06-06,-78.3802929595,38.4559035701,Salvelinus fontinalis,Brook Trout,fatwatson
81905634,2021-06-06,-78.380068824,38.4560154728,Salvelinus fontinalis,Brook Trout,fatwatson
81905597,2021-06-06,-78.3802708025,38.4560161368,Salvelinus fontinalis,Brook Trout,fatwatson
81905574,2021-06-06,-78.3801046117,38.4559540907,Salvelinus fontinalis,Brook Trout,fatwatson
81905551,2021-06-06,-78.3800107455,38.4560704564,Salvelinus fontinalis,Brook Trout,fatwatson
81905531,2021-06-06,-78.3802935708,38.4563189283,Salvelinus fontinalis,Brook Trout,fatwatson
81905475,2021-06-06,-78.3806169006,38.4563973246,Salvelinus fontinalis,Brook Trout,fatwatson
81905413,2021-06-06,-78.3794773802,38.4548915404,Salvelinus fontinalis,Brook Trout,fatwatson
81905383,2021-06-06,-78.3792997155,38.4548489516,Salvelinus fontinalis,Brook Trout,fatwatson
81905361,2021-06-06,-78.3793272759,38.4547353441,Salvelinus fontinalis,Brook Trout,fatwatson
81905339,2021-06-06,-78.3792567732,38.4547514107,Salvelinus fontinalis,Brook Trout,fatwatson
81905265,2021-06-06,-78.3794211734,38.4545065235,Salvelinus fontinalis,Brook Trout,fatwatson
81905237,2021-06-06,-78.3795592378,38.4546148003,Salvelinus fontinalis,Brook Trout,fatwatson
81905197,2021-06-06,-78.3794185271,38.450758505,Salvelinus fontinalis,Brook Trout,fatwatson
81905176,2021-06-06,-78.3793272415,38.4508151419,Salvelinus fontinalis,Brook Trout,fatwatson
81905151,2021-06-06,-78.3791861548,38.4504047499,Salvelinus fontinalis,Brook Trout,fatwatson
81905101,2021-06-06,-78.3791861548,38.4504047499,Salvelinus fontinalis,Brook Trout,fatwatson
81905001,2021-06-06,-78.3786921367,38.4499290788,Salvelinus fontinalis,Brook Trout,fatwatson
81904960,2021-06-06,-78.3786921367,38.4499290788,Salvelinus fontinalis,Brook Trout,fatwatson
81904909,2021-06-06,-78.3786921367,38.4499290788,Salvelinus fontinalis,Brook Trout,fatwatson
81904865,2021-06-06,-78.3787688153,38.4499251774,Salvelinus fontinalis,Brook Trout,fatwatson
81866290,2021-05-30,-78.4389722222,38.4115722222,Salvelinus fontinalis,Brook Trout,conor94
80830841,2021-05-29,-78.3671333333,38.4376916667,Salvelinus fontinalis,Brook Trout,pmann
79822050,2021-05-22,-78.3788453377,38.4497774932,Salvelinus fontinalis,Brook Trout,fatwatson
79822010,2021-05-22,-78.3781484779,38.4491099446,Salvelinus fontinalis,Brook Trout,fatwatson
79821966,2021-05-22,-78.3783574668,38.4483172124,Salvelinus fontinalis,Brook Trout,fatwatson
79821924,2021-05-22,-78.3783659414,38.4483284952,Salvelinus fontinalis,Brook Trout,fatwatson
79821877,2021-05-22,-78.3779774986,38.4474202743,Salvelinus fontinalis,Brook Trout,fatwatson
79821851,2021-05-22,-78.3779774986,38.4474202743,Salvelinus fontinalis,Brook Trout,fatwatson
79821824,2021-05-22,-78.3779774986,38.4474202743,Salvelinus fontinalis,Brook Trout,fatwatson
79821795,2021-05-22,-78.3779774986,38.4474202743,Salvelinus fontinalis,Brook Trout,fatwatson
79821768,2021-05-22,-78.3779561338,38.4474056677,Salvelinus fontinalis,Brook Trout,fatwatson
79821738,2021-05-22,-78.3734306353,38.4451480253,Salvelinus fontinalis,Brook Trout,fatwatson
79821551,2021-05-22,-78.3771733181,38.4470034502,Salvelinus fontinalis,Brook Trout,fatwatson
79821452,2021-05-22,-78.3771733181,38.4470034502,Salvelinus fontinalis,Brook Trout,fatwatson
79821395,2021-05-22,-78.3771637433,38.4469765403,Salvelinus fontinalis,Brook Trout,fatwatson
79821254,2021-05-22,-78.3759398919,38.4462781305,Salvelinus fontinalis,Brook Trout,fatwatson
79821155,2021-05-22,-78.3759404028,38.4462635526,Salvelinus fontinalis,Brook Trout,fatwatson
79821094,2021-05-22,-78.3758039168,38.4462410655,Salvelinus fontinalis,Brook Trout,fatwatson
78072478,2021-05-08,-81.5432477742,36.6861230115,Salvelinus fontinalis,Brook Trout,csholt
76621794,2021-05-02,-80.2022174116,36.6434860572,Salvelinus fontinalis,Brook Trout,eliteworley
75425129,2021-04-26,-78.4344763652,38.4234296183,Salvelinus fontinalis,Brook Trout,fatwatson
75425042,2021-04-26,-78.4345498484,38.4227592933,Salvelinus fontinalis,Brook Trout,fatwatson
74944520,2019-04-18,-80.5114198699,38.2171989652,Salvelinus fontinalis,Brook Trout,thomassentz
74943864,2019-07-13,-80.534312561,38.2200438741,Salvelinus fontinalis,Brook Trout,thomassentz
74321969,2021-04-17,-81.8813112567,37.4583385636,Salvelinus fontinalis,Brook Trout,greg_myers13
73523360,2021-04-10,-78.7446971188,38.1614819055,Salvelinus fontinalis,Brook Trout,fatwatson
73518877,2021-04-10,-78.7447780537,38.1619493449,Salvelinus fontinalis,Brook Trout,fatwatson
73517154,2021-04-10,-78.7446859267,38.161884569,Salvelinus fontinalis,Brook Trout,fatwatson
73517087,2021-04-10,-78.7446984828,38.1620412893,Salvelinus fontinalis,Brook Trout,fatwatson
73517048,2021-04-10,-78.7445006889,38.1621069366,Salvelinus fontinalis,Brook Trout,fatwatson
73516926,2021-04-10,-78.7449822166,38.1626596557,Salvelinus fontinalis,Brook Trout,fatwatson
73516868,2021-04-10,-78.7447764503,38.1631878636,Salvelinus fontinalis,Brook Trout,fatwatson
73516803,2021-04-10,-78.7505725611,38.1394524642,Salvelinus fontinalis,Brook Trout,fatwatson
73516747,2021-04-10,-78.7446925508,38.1614333663,Salvelinus fontinalis,Brook Trout,fatwatson
73191903,2021-04-06,-78.3703622282,38.44473448,Salvelinus fontinalis,Brook Trout,fatwatson
73191887,2021-04-06,-78.3712327781,38.4448274268,Salvelinus fontinalis,Brook Trout,fatwatson
73191853,2021-04-06,-78.3778417855,38.4472655275,Salvelinus fontinalis,Brook Trout,fatwatson
73191808,2021-04-06,-78.3752856726,38.4460805185,Salvelinus fontinalis,Brook Trout,fatwatson
73191784,2021-04-06,-78.3754157493,38.4461133013,Salvelinus fontinalis,Brook Trout,fatwatson
73191762,2021-04-06,-78.3718932171,38.4447863291,Salvelinus fontinalis,Brook Trout,fatwatson
73162180,2021-04-07,-78.3706727373,38.4445095368,Salvelinus fontinalis,Brook Trout,fatwatson
72307492,2021-03-28,-78.5644593,38.1548563,Salvelinus fontinalis,Brook Trout,conor94
71654197,2021-03-20,-78.3787895762,38.453537951,Salvelinus fontinalis,Brook Trout,fatwatson
71651874,2021-03-20,-78.3792566792,38.4543559818,Salvelinus fontinalis,Brook Trout,fatwatson
71651816,2021-03-20,-78.3791495923,38.4544560362,Salvelinus fontinalis,Brook Trout,fatwatson
71651746,2021-03-20,-78.3792270575,38.4543863439,Salvelinus fontinalis,Brook Trout,fatwatson
71651718,2021-03-20,-78.3787895762,38.453537951,Salvelinus fontinalis,Brook Trout,fatwatson
71651695,2021-03-20,-78.3786733282,38.4535627102,Salvelinus fontinalis,Brook Trout,fatwatson
71651528,2021-03-20,-78.378864626,38.4535460363,Salvelinus fontinalis,Brook Trout,fatwatson
71651488,2021-03-20,-78.3792270575,38.4543863439,Salvelinus fontinalis,Brook Trout,fatwatson
71651434,2021-03-20,-78.3792270575,38.4543863439,Salvelinus fontinalis,Brook Trout,fatwatson
71651126,2021-03-20,-78.3794799479,38.4546630149,Salvelinus fontinalis,Brook Trout,fatwatson
71651079,2021-03-20,-78.3794700416,38.4546700959,Salvelinus fontinalis,Brook Trout,fatwatson
71650936,2021-03-20,-78.3791951202,38.4501347784,Salvelinus fontinalis,Brook Trout,fatwatson
71650924,2021-03-20,-78.3793233703,38.4501363976,Salvelinus fontinalis,Brook Trout,fatwatson
71650898,2021-03-20,-78.3787334342,38.4502308546,Salvelinus fontinalis,Brook Trout,fatwatson
71650859,2021-03-20,-78.3791394056,38.4499107786,Salvelinus fontinalis,Brook Trout,fatwatson
71650831,2021-03-20,-78.3705687421,38.444898262,Salvelinus fontinalis,Brook Trout,fatwatson
71650688,2021-03-20,-78.3782987865,38.4493420331,Salvelinus fontinalis,Brook Trout,fatwatson
71650671,2021-03-20,-78.3782987865,38.4493420331,Salvelinus fontinalis,Brook Trout,fatwatson
71650199,2021-03-20,-78.3782444384,38.4493951412,Salvelinus fontinalis,Brook Trout,fatwatson
71650174,2021-03-20,-78.3783551566,38.4491126259,Salvelinus fontinalis,Brook Trout,fatwatson
71650141,2021-03-20,-78.378085606,38.448084484,Salvelinus fontinalis,Brook Trout,fatwatson
71093156,2021-03-12,-78.3776186372,38.4470332482,Salvelinus fontinalis,Brook Trout,fatwatson
71093141,2021-03-12,-78.3763793745,38.4468627067,Salvelinus fontinalis,Brook Trout,fatwatson
71093130,2021-03-12,-78.3764693803,38.4467964785,Salvelinus fontinalis,Brook Trout,fatwatson
70671502,2021-03-06,-78.383425703,38.4732285946,Salvelinus fontinalis,Brook Trout,fatwatson
69682749,2020-05-26,-78.4359605838,38.4368485388,Salvelinus fontinalis,Brook Trout,conor94
69168610,2021-02-06,-78.3895182264,38.4602658122,Salvelinus fontinalis,Brook Trout,fatwatson
69168598,2021-02-06,-78.3795734621,38.4549031669,Salvelinus fontinalis,Brook Trout,fatwatson
69168586,2021-02-06,-78.3795353069,38.4545935062,Salvelinus fontinalis,Brook Trout,fatwatson
69168569,2021-02-06,-78.3902590379,38.4598166648,Salvelinus fontinalis,Brook Trout,fatwatson
69168557,2021-02-06,-78.3810047946,38.4576850996,Salvelinus fontinalis,Brook Trout,fatwatson
69168545,2021-02-06,-78.3877860643,38.4609135672,Salvelinus fontinalis,Brook Trout,fatwatson
65554447,2019-11-06,-79.5345,39.06207217,Salvelinus fontinalis,Brook Trout,conman515
63671896,2020-10-27,-78.422945,38.51947833,Salvelinus fontinalis fontinalis,,juliaburch
63482375,2020-10-18,-79.1542213038,38.5574660866,Salvelinus fontinalis,Brook Trout,irubyz
63055658,2020-10-17,-78.37753333,38.46428333,Salvelinus fontinalis,Brook Trout,ebenscott
61904082,2020-10-06,-77.8169729027,38.0993840537,Salvelinus fontinalis fontinalis,,haden514
61519690,2020-10-02,-80.5809104817,37.3699705276,Salvelinus fontinalis,Brook Trout,desdes1997
61176994,2020-09-26,-78.37761667,38.46430833,Salvelinus fontinalis,Brook Trout,surfnsarah22
60419574,2019-07-04,-80.3905281923,36.717456535,Salvelinus fontinalis,Brook Trout,ben_springer
58638174,2020-07-12,-78.31104167,38.58446167,Salvelinus fontinalis,Brook Trout,zebryx
57836164,2020-08-27,-80.5931847645,37.3558841256,Salvelinus fontinalis,Brook Trout,tystephenson
57085006,2020-08-18,-80.6337337385,37.3365648268,Salvelinus fontinalis,Brook Trout,drewluke13
56477008,2020-08-09,-79.5219098889,39.0607931944,Salvelinus fontinalis,Brook Trout,craig42
56476555,2020-08-14,-79.6515643056,38.5851479722,Salvelinus fontinalis,Brook Trout,craig42
56192719,2020-04-11,-80.6358776805,37.3199510047,Salvelinus fontinalis,Brook Trout,drewluke13
56026137,2020-08-08,-78.73992167,38.17580833,Salvelinus fontinalis,Brook Trout,smada8
55504616,2019-04-24,-79.2748785242,39.3800839116,Salvelinus fontinalis,Brook Trout,billhubick
53462727,2020-07-17,-81.96762167,36.55244667,Salvelinus fontinalis,Brook Trout,nzcnfbb
52456044,2020-07-06,-79.506455,38.83780333,Salvelinus fontinalis,Brook Trout,guardianman
52362466,2020-07-07,-78.7506501004,38.1398739468,Salvelinus fontinalis,Brook Trout,estaengl
51965288,2020-07-04,-80.57423333,37.37339667,Salvelinus fontinalis,Brook Trout,kowtails
51121511,2020-06-21,-78.41633667,38.52408333,Salvelinus fontinalis,Brook Trout,darintheloraxcrew
50465722,2020-06-20,-79.06869245,37.8552736008,Salvelinus fontinalis,Brook Trout,anhaines
49728263,2020-05-17,-79.0904457697,37.7866270267,Salvelinus fontinalis,Brook Trout,edmundmce
49215941,2020-06-08,-78.4093182161,38.5319291175,Salvelinus fontinalis,Brook Trout,crittertrackerboss1
48990055,2018-05-06,-78.4434645354,38.4549917448,Salvelinus fontinalis,Brook Trout,capricada
48786025,2020-05-27,-78.38366667,38.47361333,Salvelinus fontinalis,Brook Trout,flyfishgrl
48229025,2020-06-01,-79.59739667,38.56672167,Salvelinus fontinalis,Brook Trout,jimjosefson
47439021,2020-05-26,-78.4211397787,38.5264663666,Salvelinus fontinalis,Brook Trout,carsonlambert
45677025,2020-05-03,-79.43456,38.23779,Salvelinus fontinalis,Brook Trout,jimjosefson
45642668,2019-04-21,-78.746125,38.1659695,Salvelinus fontinalis,Brook Trout,jimjosefson
45642351,2019-06-04,-79.597765,38.565681,Salvelinus fontinalis,Brook Trout,jimjosefson
45641987,2020-05-10,-79.3195164577,38.3476899751,Salvelinus fontinalis,Brook Trout,jimjosefson
45641925,2020-05-10,-79.3187422213,38.3504258283,Salvelinus fontinalis,Brook Trout,jimjosefson
45640781,2020-05-10,-79.3187333333,38.3541722222,Salvelinus fontinalis,Brook Trout,jimjosefson
45640353,2020-04-25,-79.0054944444,37.9489611111,Salvelinus fontinalis,Brook Trout,jimjosefson
43188215,2020-03-20,-79.1132361442,38.5770598245,Salvelinus fontinalis,Brook Trout,shenandoahfishn
42084938,2019-07-05,-81.4874583333,36.7644,Salvelinus fontinalis,Brook Trout,hunterw52
39774248,2020-03-09,-78.751980127,38.137992669,Salvelinus fontinalis,Brook Trout,ccgibbons
39530794,2020-03-02,-79.063391,38.530907,Salvelinus fontinalis,Brook Trout,cmstinson
35752495,2018-06-06,-76.5372812701,39.4439604873,Salvelinus fontinalis,Brook Trout,muscadinemoon
35516944,2019-11-08,-78.4099305102,38.4911415581,Salvelinus fontinalis,Brook Trout,kimblaz
33763617,2019-09-24,-78.9401820548,38.0629188882,Salvelinus fontinalis,Brook Trout,ekobus
33168560,2019-09-21,-78.4265369551,38.5196328428,Salvelinus fontinalis,Brook Trout,banjologist
33143741,2019-09-21,-76.6084997612,39.2857585355,Salvelinus fontinalis,Brook Trout,bigcurlyahurd
32560291,2019-09-06,-78.6795836,38.2927558,Salvelinus fontinalis,Brook Trout,adrian16
31127445,2017-08-26,-81.5187543611,36.6324147222,Salvelinus fontinalis,Brook Trout,naturenut85
31047755,2018-07-13,-80.57495,37.3678383333,Salvelinus fontinalis,Brook Trout,gavinmartin
30908785,2019-06-05,-78.9005847811,38.4076608795,Salvelinus fontinalis,Brook Trout,ekobus
28825901,2019-07-14,-80.5770342797,37.3644132756,Salvelinus fontinalis,Brook Trout,ebspeciesfishing
28709791,2019-07-12,-78.3454730973,38.6825593159,Salvelinus fontinalis,Brook Trout,schylerbrown
25918117,2019-05-26,-78.3619045765,38.4958960633,Salvelinus fontinalis,Brook Trout,james5
25913482,2019-05-27,-78.4248275757,38.5178375244,Salvelinus fontinalis,Brook Trout,erininmd
25839979,2019-05-25,-78.441080441,39.0597601488,Salvelinus fontinalis,Brook Trout,aaronherps98
25474656,2019-05-20,-79.564530941,38.7874618447,Salvelinus fontinalis,Brook Trout,randybodkins
25399520,2019-05-19,-80.4207216667,36.7023583333,Salvelinus fontinalis,Brook Trout,harrells
23819541,2015-05-25,-80.4438961151,38.1432550581,Salvelinus fontinalis,Brook Trout,sjconley
21855654,2019-03-27,-78.3760286495,38.4466029936,Salvelinus fontinalis,Brook Trout,bonnie_long
21576851,2019-03-24,-78.5978847436,39.1352035114,Salvelinus fontinalis,Brook Trout,drmcw
20905306,2019-03-02,-81.7163083333,36.549855,Salvelinus fontinalis,Brook Trout,seldomseen
17234432,2018-04-23,-79.4952396979,38.799810881,Salvelinus fontinalis,Brook Trout,ddellwa
15150196,2012-09-23,-80.5996666667,37.3521666667,Salvelinus fontinalis,Brook Trout,f1sh
14974299,2018-07-23,-80.2087534636,38.8162740748,Salvelinus fontinalis,Brook Trout,sc0rpi0nhunter
14945248,2018-07-28,-79.85598,38.6797416667,Salvelinus fontinalis,Brook Trout,lsumme21
13054677,2018-05-24,-78.4276738952,38.5198202184,Salvelinus fontinalis,Brook Trout,ecovrar
13054211,2018-05-24,-78.423802207,38.5184248048,Salvelinus fontinalis,Brook Trout,ecovrar
12878382,2018-05-27,-78.3733384819,38.5140712836,Salvelinus fontinalis,Brook Trout,kimgrubert
12806954,2018-05-25,-79.7999928833,38.6479364667,Salvelinus fontinalis,Brook Trout,randybodkins
11427835,2017-05-24,-78.4247445968,38.5185228079,Salvelinus fontinalis,Brook Trout,tom_laura_marlowe
11421984,2018-04-21,-81.7302699692,37.6040703532,Salvelinus fontinalis,Brook Trout,jegray
11391483,2017-06-03,-79.5858783333,37.5421133333,Salvelinus fontinalis,Brook Trout,themadpooper
10666711,2018-03-31,-78.2662190124,38.6213134902,Salvelinus fontinalis,Brook Trout,kmrogers
10645050,2017-07-12,-79.5962133333,38.73935,Salvelinus fontinalis,Brook Trout,gordondimmig
10602935,2017-05-31,-79.0744717,37.8431931,Salvelinus fontinalis,Brook Trout,pinkowtm
9428775,2011-03-12,-77.0983214708,38.8045516964,Salvelinus fontinalis,Brook Trout,pmk00001
7882617,2017-02-19,-79.1470638333,37.7881866667,Salvelinus fontinalis,Brook Trout,sethhof
7455791,2017-05-01,-78.369705207,38.5138841984,Salvelinus fontinalis,Brook Trout,stuhuffman
7327642,2017-07-18,-80.593704544,37.3561723599,Salvelinus fontinalis,Brook Trout,fishyfish
7316720,2017-07-08,-81.5433688291,36.6861588834,Salvelinus fontinalis,Brook Trout,lindaphillips
6548132,2009-07-25,-79.9806355566,38.8533786493,Salvelinus fontinalis,Brook Trout,randybodkins
6508114,2017-05-18,-79.7428405083,38.7601508628,Salvelinus fontinalis,Brook Trout,greg_myers13
6160972,2017-04-27,-78.2530229183,38.6599079314,Salvelinus fontinalis,Brook Trout,helenroberts
5471679,2017-03-25,-78.406634666,38.5255070647,Salvelinus fontinalis,Brook Trout,crittertrackerboss1
5004410,2017-01-21,-78.199555,38.8248116667,Salvelinus fontinalis,Brook Trout,djuth
4280621,2016-10-05,-78.302545,38.5700833333,Salvelinus fontinalis,Brook Trout,kylefitzroy
3875459,2014-08-16,-81.382154971,38.1012005254,Salvelinus fontinalis,Brook Trout,kevinemetcalf
3829709,2016-08-01,-80.408315286,36.8127586904,Salvelinus fontinalis,Brook Trout,jtdriver
3567645,2016-06-29,-78.35308,38.551175,Salvelinus fontinalis,Brook Trout,kylefitzroy
3567643,2016-06-29,-78.3531633333,38.5478216667,Salvelinus fontinalis,Brook Trout,kylefitzroy
3484331,2016-06-19,-79.1289003703,37.8903780463,Salvelinus fontinalis,Brook Trout,benzintr
3439308,2016-06-09,-78.43345,38.4286583333,Salvelinus fontinalis,Brook Trout,gunnarb
3437941,2016-06-08,-78.3512725029,38.5422056161,Salvelinus fontinalis,Brook Trout,kylefitzroy
3437902,2016-06-08,-78.3568023343,38.5375917722,Salvelinus fontinalis,Brook Trout,kylefitzroy
3422673,2016-06-09,-78.411159083,38.4862495562,Salvelinus fontinalis,Brook Trout,gunnarb
3422672,2016-06-09,-78.4122586776,38.4821201093,Salvelinus fontinalis,Brook Trout,gunnarb
3422668,2016-06-09,-78.407420634,38.4883468752,Salvelinus fontinalis,Brook Trout,gunnarb
3422660,2016-06-09,-78.4225390969,38.5028841567,Salvelinus fontinalis,Brook Trout,rpshane
3422658,2016-06-09,-78.412532918,38.4944540258,Salvelinus fontinalis,Brook Trout,rpshane
3410175,2016-05-20,-79.5396245637,37.5282475112,Salvelinus fontinalis,Brook Trout,jyatestu
3410169,2016-05-20,-79.5400956362,37.5283662657,Salvelinus fontinalis,Brook Trout,jyatestu
3269191,2016-05-16,-78.3223716667,38.7902966667,Salvelinus fontinalis,Brook Trout,djuth
3104907,2016-04-25,-79.081744,37.727003,Salvelinus fontinalis,Brook Trout,billyb3
2962196,2016-04-17,-79.7728,38.29954,Salvelinus fontinalis,Brook Trout,jimjosefson
2904416,2016-03-10,-78.1644528333,38.7736283333,Salvelinus fontinalis,Brook Trout,djuth
2903234,2016-03-24,-78.329505,38.79288,Salvelinus fontinalis,Brook Trout,djuth
2903169,2016-03-26,-79.0799555,37.8518,Salvelinus fontinalis,Brook Trout,djuth
2813162,2016-03-10,-79.149078,38.56203,Salvelinus fontinalis,Brook Trout,billyb3
2777149,2016-03-11,-78.3519216667,38.543745,Salvelinus fontinalis,Brook Trout,kylefitzroy
2777139,2016-03-11,-78.3519241114,38.5471070155,Salvelinus fontinalis,Brook Trout,kylefitzroy
2533854,2015-04-18,-78.4231529686,38.5169025048,Salvelinus fontinalis,Brook Trout,kylefitzroy
2533836,2015-04-18,-78.427442951,38.5180669111,Salvelinus fontinalis,Brook Trout,kylefitzroy
2533822,2015-04-18,-78.4255194699,38.5178557888,Salvelinus fontinalis,Brook Trout,kylefitzroy
2533698,2015-07-10,-78.420525,38.5192633333,Salvelinus fontinalis,Brook Trout,kylefitzroy
2533691,2015-07-10,-78.4235216667,38.5186833333,Salvelinus fontinalis,Brook Trout,kylefitzroy
2533644,2015-10-08,-78.3488307528,38.5401433567,Salvelinus fontinalis,Brook Trout,kylefitzroy
2518701,2015-12-30,-78.91606,38.00269,Salvelinus fontinalis,Brook Trout,jimjosefson
2518680,2015-12-30,-78.90717,37.99976,Salvelinus fontinalis,Brook Trout,jimjosefson
2471607,2015-12-11,-78.6392966667,38.9432416667,Salvelinus fontinalis,Brook Trout,djuth
2449918,2015-02-08,-78.2887633333,38.7391383333,Salvelinus fontinalis,Brook Trout,djuth
2449907,2015-05-14,-78.366805,38.8943633333,Salvelinus fontinalis,Brook Trout,djuth
2445314,2015-10-22,-78.26242,38.6152033333,Salvelinus fontinalis,Brook Trout,djuth
2396769,2015-11-17,-79.7661785568,38.3145194116,Salvelinus fontinalis,Brook Trout,benzintr
2390148,2015-11-16,-79.3690967537,38.332939336,Salvelinus fontinalis,Brook Trout,benzintr
2390126,2015-11-16,-79.2724775233,38.2179415533,Salvelinus fontinalis,Brook Trout,benzintr
2308272,2015-10-23,-79.4885716667,38.8441166667,Salvelinus fontinalis,Brook Trout,rpshane
2308269,2015-10-23,-79.4907133333,38.84268,Salvelinus fontinalis,Brook Trout,rpshane
2298358,2015-10-22,-79.0418938932,37.6514461462,Salvelinus fontinalis,Brook Trout,billyb3
2082483,2015-10-06,-81.1512048228,36.7828663871,Salvelinus fontinalis,Brook Trout,benzintr
1912519,2015-08-20,-80.2231966667,38.2688333333,Salvelinus fontinalis,Brook Trout,jalemon
1912515,2015-08-21,-80.2273033333,38.3311466667,Salvelinus fontinalis,Brook Trout,jalemon
1912509,2015-08-21,-80.2309883333,38.3285866667,Salvelinus fontinalis,Brook Trout,jalemon
1878474,2015-08-08,-78.5257429939,38.4759399454,Salvelinus fontinalis,Brook Trout,tigranmetz
1878470,2015-08-08,-78.5170694426,38.5256985896,Salvelinus fontinalis,Brook Trout,tigranmetz
1773732,2015-07-17,-79.214652971,38.3422041607,Salvelinus fontinalis,Brook Trout,benzintr
1773717,2015-07-17,-79.379181378,38.2494801865,Salvelinus fontinalis,Brook Trout,benzintr
1747946,2015-07-11,-81.0912405056,36.7905799074,Salvelinus fontinalis,Brook Trout,benzintr
1636205,2015-06-13,-80.587099,37.360914,Salvelinus fontinalis,Brook Trout,lakekoshare
1615507,2015-06-09,-79.614583,38.5586,Salvelinus fontinalis,Brook Trout,benzintr
1615481,2015-06-09,-79.6412770155,38.4315617185,Salvelinus fontinalis,Brook Trout,benzintr
1372492,2015-04-06,-78.7084058668,38.2619588465,Salvelinus fontinalis,Brook Trout,benzintr
1372483,2015-04-06,-78.7951536932,38.2799929645,Salvelinus fontinalis,Brook Trout,benzintr
1360081,2015-04-02,-78.7731096549,38.0582616378,Salvelinus fontinalis,Brook Trout,benzintr
1360073,2015-04-02,-78.6360783389,38.169417561,Salvelinus fontinalis,Brook Trout,benzintr
756441,2014-06-05,-78.789825,38.197315,Salvelinus fontinalis,Brook Trout,vatroutjunkie
756339,2014-06-17,-79.09991,37.784859,Salvelinus fontinalis,Brook Trout,vatroutjunkie
756334,2014-05-31,-79.78411,38.121745,Salvelinus fontinalis,Brook Trout,vatroutjunkie
756311,2014-03-03,-78.749206,38.150083,Salvelinus fontinalis,Brook Trout,vatroutjunkie
756305,2014-06-15,-79.053111,37.858659,Salvelinus fontinalis,Brook Trout,vatroutjunkie
756294,2014-02-02,-78.964963,37.943724,Salvelinus fontinalis,Brook Trout,vatroutjunkie
756271,2014-05-12,-78.793559,38.167663,Salvelinus fontinalis,Brook Trout,vatroutjunkie
756270,2014-05-12,-78.793559,38.167663,Salvelinus fontinalis,Brook Trout,vatroutjunkie
72491,2012-04-29,-78.4474191095,38.5192818991,Salvelinus fontinalis,Brook Trout,stonewaresnake
94924345,2021-09-14,-80.4538563938,37.6645737374,Salmo trutta,Brown Trout,savannahweikle
91348505,2021-08-12,-81.3060823057,37.2736468869,Salmo trutta,Brown Trout,ihunta
88026510,2021-07-21,-77.1804293745,39.332580431,Salmo trutta,Brown Trout,emilio_c
87995195,2021-07-21,-77.1857198,39.3388915,Salmo trutta,Brown Trout,smuller
86175958,2021-07-07,-76.7186666667,39.4301116667,Salmo trutta,Brown Trout,jules_nature_
86080964,2021-07-07,-81.6928171366,36.6444949844,Salmo trutta,Brown Trout,campostoma
84243284,2021-06-23,-78.3513701683,38.4958824179,Salmo trutta,Brown Trout,fatwatson
84243219,2021-06-23,-78.3564759412,38.5105574496,Salmo trutta,Brown Trout,fatwatson
83576530,2021-06-18,-78.4378152109,38.4129974729,Salmo trutta,Brown Trout,fatwatson
82698663,2021-06-12,-79.0369019222,38.3566623749,Salmo trutta,Brown Trout,fatwatson
82685048,2021-06-10,-78.4342303713,38.4210317721,Salmo trutta,Brown Trout,conor94
82669731,2021-06-12,-79.0351013527,38.35681533,Salmo trutta,Brown Trout,fatwatson
82487708,2017-07-02,-76.5952326357,39.4267724744,Salmo trutta,Brown Trout,muscadinemoon
81866472,2021-05-30,-78.455205682,38.357278772,Salmo trutta,Brown Trout,conor94
81738144,2021-06-01,-81.6104623353,36.6737962181,Salmo trutta,Brown Trout,cadecampbell
81133062,2021-05-31,-79.5955366667,38.5733916667,Salmo trutta,Brown Trout,jimjosefson
80973278,2021-05-30,-80.2164850506,37.5155071657,Salmo trutta,Brown Trout,evanoco
78843000,2021-05-14,-78.4348721119,38.423604278,Salmo trutta,Brown Trout,fatwatson
76332555,2021-05-01,-77.1130764273,39.2922436467,Salmo trutta,Brown Trout,emilio_c
75488858,2021-04-27,-81.5283378871,36.7604775346,Salmo trutta,Brown Trout,usmcfiremedic
75425162,2021-04-26,-78.4352335214,38.4224540725,Salmo trutta,Brown Trout,fatwatson
75425091,2021-04-26,-78.4346973782,38.4226857886,Salmo trutta,Brown Trout,fatwatson
75425029,2021-04-26,-78.4360069666,38.4187901281,Salmo trutta,Brown Trout,fatwatson
75425013,2021-04-26,-78.4360922257,38.4187435822,Salmo trutta,Brown Trout,fatwatson
75425003,2021-04-26,-78.4367949039,38.4176170916,Salmo trutta,Brown Trout,fatwatson
74645240,2021-04-20,-79.0489389044,38.3517566259,Salmo trutta,Brown Trout,fatwatson
74568032,2021-04-19,-78.4344143911,38.4199615382,Salmo trutta,Brown Trout,fatwatson
74568006,2021-04-19,-78.4346763526,38.4196691122,Salmo trutta,Brown Trout,fatwatson
74567964,2021-04-19,-78.4349258156,38.4194166209,Salmo trutta,Brown Trout,fatwatson
72923414,2021-04-04,-77.0735512654,39.411836813,Salmo trutta,Brown Trout,emilio_c
72887994,2021-04-04,-79.0375367456,38.3561830896,Salmo trutta,Brown Trout,fatwatson
72887443,2021-04-04,-79.0350799,38.35683059,Salmo trutta,Brown Trout,fatwatson
71812357,2021-03-22,-78.4341163684,38.4256524475,Salmo trutta,Brown Trout,fatwatson
71073527,2021-03-12,-79.0195096992,38.3625633196,Salmo trutta,Brown Trout,fatwatson
70952079,2021-03-10,-79.0353235269,38.3564050682,Salmo trutta,Brown Trout,fatwatson
70941929,2021-03-10,-79.0350570599,38.35679626,Salmo trutta,Brown Trout,fatwatson
70639276,2020-05-23,-78.4288121,38.3920336,Salmo trutta,Brown Trout,conor94
70518322,2021-03-03,-79.0492022442,38.3526305399,Salmo trutta,Brown Trout,fatwatson
70506444,2021-03-03,-79.03502655,38.35678863,Salmo trutta,Brown Trout,fatwatson
68622856,2019-09-17,-81.6109841076,36.6737639863,Salmo trutta,Brown Trout,cadecampbell
67064531,2020-12-17,-79.6055582713,38.9230269624,Salmo trutta,Brown Trout,wvjennifer
67010587,2020-10-13,-77.1363308257,39.2805324112,Salmo trutta,Brown Trout,baltimorefishing1
66064831,2020-05-25,-80.1841287482,38.5257009533,Salmo trutta,Brown Trout,btmoore
61806266,2020-09-12,-79.6170803913,37.083963623,Salmo trutta,Brown Trout,bennett789
60370766,2020-08-14,-80.3907958682,36.717554658,Salmo trutta,Brown Trout,ben_springer
60370764,2020-08-13,-80.3880112924,36.7179463991,Salmo trutta,Brown Trout,ben_springer
56578324,2020-08-11,-80.0925644,38.2228502,Salmo trutta,Brown Trout,tverlander
56192262,2020-03-20,-80.318184923,36.9088077071,Salmo trutta,Brown Trout,drewluke13
56190482,2020-08-11,-80.0922957,38.2227796,Salmo trutta,Brown Trout,tverlander
56158285,2020-08-08,-81.674495,36.641965,Salmo trutta,Brown Trout,smmcdonald
55091019,2020-08-01,-77.7379334793,39.4554245748,Salmo trutta,Brown Trout,emilio_c
49083876,2020-06-09,-78.4335440625,38.4476273546,Salmo trutta,Brown Trout,flyfishgrl
48228900,2020-06-01,-79.6027267502,38.5680061796,Salmo trutta,Brown Trout,jimjosefson
45294735,2020-05-06,-78.83355,38.2853,Salmo trutta,Brown Trout,carsonlambert
44779859,2020-05-03,-80.5134839062,36.6981539814,Salmo trutta,Brown Trout,denniswross
43188702,2020-03-29,-79.031582661,38.3571363772,Salmo trutta,Brown Trout,shenandoahfishn
42083614,2020-03-29,-81.492645,36.74339167,Salmo trutta,Brown Trout,hunterw52
40712093,2020-03-25,-83.6578287744,37.8725439404,Salmo trutta,Brown Trout,michelleberendsen
40551961,2020-03-22,-83.657162916,37.8735956177,Salmo trutta,Brown Trout,michelleberendsen
36775154,2019-11-27,-77.3460406065,38.5385509559,Salmo trutta,Brown Trout,fishyfish
36032219,2019-11-24,-77.471496582,38.3072242737,Salmo trutta,Brown Trout,crittertrackerboss1
34533442,2019-10-12,-78.8334930389,38.2849177428,Salmo trutta,Brown Trout,cmstinson
33155093,2017-04-08,-80.6703716667,37.3757283333,Salmo trutta,Brown Trout,corbitter
32183976,2019-09-04,-79.016956663,38.3767807982,Salmo trutta,Brown Trout,chrisazimmer
25474655,2019-05-20,-79.5636391857,38.7686338437,Salmo trutta,Brown Trout,randybodkins
24661402,2019-05-05,-80.7670067072,38.1843396607,Salmo trutta,Brown Trout,firefly75
23828733,2017-06-28,-81.1375389547,37.7838057678,Salmo trutta,Brown Trout,sjconley
22117782,2019-04-06,-79.4499979194,39.1281310213,Salmo trutta,Brown Trout,randybodkins
20851815,2019-02-22,-77.1105492564,39.382700521,Salmo trutta,Brown Trout,lassa8
19200699,2018-12-24,-77.0266127385,39.2921705489,Salmo trutta,Brown Trout,lassa8
17731238,2018-10-20,-77.1302883282,39.3114665818,Salmo trutta,Brown Trout,lassa8
15013957,2018-07-23,-80.2087984499,38.8163564692,Salmo trutta,Brown Trout,sc0rpi0nhunter
14150519,2018-07-04,-79.7198716667,38.9123083333,Salmo trutta,Brown Trout,reneawilson
13780098,2018-06-24,-77.1526948208,39.2198204738,Salmo trutta,Brown Trout,lassa8
13560521,2018-06-17,-77.0012546595,39.307806762,Salmo trutta,Brown Trout,lassa8
13449256,2018-06-12,-77.099527611,39.214556939,Salmo trutta,Brown Trout,lassa8
12767719,2018-05-24,-80.1306720793,38.8872474693,Salmo trutta,Brown Trout,randybodkins
12391679,2018-03-05,-78.8830179888,38.0522036659,Salmo trutta,Brown Trout,nicknewberry
9821645,2013-04-18,-79.887619,36.984759,Salmo trutta,Brown Trout,pmk00001
9731351,2016-06-18,-77.106123651,39.2575675598,Salmo trutta,Brown Trout,lassa8
9561706,2012-03-11,-77.0979945,38.8047917,Salmo trutta,Brown Trout,pmk00001
8916980,2014-05-26,-79.9566840008,37.2666294295,Salmo trutta,Brown Trout,pmk00001
8779548,2017-10-22,-78.8847595453,38.0689230678,Salmo trutta,Brown Trout,drshawntdash
4295024,2011-07-21,-79.0499969441,37.1378965999,Salmo trutta,Brown Trout,laligurans
3439315,2016-06-11,-79.0493388333,38.349505,Salmo trutta,Brown Trout,gunnarb
3422653,2016-06-09,-78.43383,38.430575,Salmo trutta,Brown Trout,rpshane
2698321,2016-02-19,-77.1363971667,38.836855,Salmo trutta,Brown Trout,kylefitzroy
2692446,2016-02-17,-77.1356679829,38.833627747,Salmo trutta,Brown Trout,kylefitzroy
2396800,2015-11-17,-79.7526335864,38.2833168954,Salmo trutta,Brown Trout,benzintr
1587926,2015-05-01,-80.754217,38.176081,Salmo trutta,Brown Trout,jalemon
1587925,2015-05-01,-80.728961,38.178389,Salmo trutta,Brown Trout,jalemon
1111162,2014-09-19,-82.043152,36.569218,Salmo trutta,Brown Trout,haydenchandley
1111134,2014-10-27,-82.040405,36.567012,Salmo trutta,Brown Trout,haydenchandley
1111122,2014-12-04,-82.552385,36.974924,Salmo trutta,Brown Trout,haydenchandley
